mmsi,cargotanker_label,cargotanker_sublabel,cargotanker_fishing
111111110,Cargo/Tanker,Cargo,Non-fishing
204708000,Cargo/Tanker,Cargo,Non-fishing
205256290,Cargo/Tanker,Cargo,Non-fishing
205258890,Cargo/Tanker,Cargo,Non-fishing
205263390,Cargo/Tanker,Cargo,Non-fishing
205267669,Cargo/Tanker,Cargo,Non-fishing
205284690,Cargo/Tanker,Cargo,Non-fishing
205285590,Cargo/Tanker,Cargo,Non-fishing
205286790,Cargo/Tanker,Cargo,Non-fishing
205289990,Cargo/Tanker,Cargo,Non-fishing
205325390,Cargo/Tanker,Cargo,Non-fishing
205334890,Cargo/Tanker,Cargo,Non-fishing
205335490,Cargo/Tanker,Cargo,Non-fishing
205340890,Cargo/Tanker,Cargo,Non-fishing
205356700,Cargo/Tanker,Cargo,Non-fishing
205360290,Cargo/Tanker,Cargo,Non-fishing
205364990,Cargo/Tanker,Cargo,Non-fishing
205381890,Cargo/Tanker,Cargo,Non-fishing
205391990,Cargo/Tanker,Cargo,Non-fishing
205394390,Cargo/Tanker,Cargo,Non-fishing
205396000,Cargo/Tanker,Cargo,Non-fishing
205397000,Cargo/Tanker,Cargo,Non-fishing
205402090,Cargo/Tanker,Cargo,Non-fishing
205402790,Cargo/Tanker,Cargo,Non-fishing
205415690,Cargo/Tanker,Cargo,Non-fishing
205434190,Cargo/Tanker,Cargo,Non-fishing
205435990,Cargo/Tanker,Cargo,Non-fishing
205450000,Cargo/Tanker,Cargo,Non-fishing
205450690,Cargo/Tanker,Cargo,Non-fishing
205451000,Cargo/Tanker,Cargo,Non-fishing
205453000,Cargo/Tanker,Cargo,Non-fishing
205453690,Cargo/Tanker,Cargo,Non-fishing
205455590,Cargo/Tanker,Cargo,Non-fishing
205461000,Cargo/Tanker,Cargo,Non-fishing
205464990,Cargo/Tanker,Cargo,Non-fishing
205471090,Cargo/Tanker,Cargo,Non-fishing
205476000,Cargo/Tanker,Cargo,Non-fishing
205476390,Cargo/Tanker,Cargo,Non-fishing
205477290,Cargo/Tanker,Cargo,Non-fishing
205490090,Cargo/Tanker,Cargo,Non-fishing
205504390,Cargo/Tanker,Cargo,Non-fishing
205505090,Cargo/Tanker,Cargo,Non-fishing
205505790,Cargo/Tanker,Cargo,Non-fishing
205509000,Cargo/Tanker,Cargo,Non-fishing
205514990,Cargo/Tanker,Cargo,Non-fishing
205539000,Cargo/Tanker,Cargo,Non-fishing
209047000,Cargo/Tanker,Cargo,Non-fishing
209177000,Cargo/Tanker,Cargo,Non-fishing
209191000,Cargo/Tanker,Cargo,Non-fishing
209204000,Cargo/Tanker,Cargo,Non-fishing
209243000,Cargo/Tanker,Cargo,Non-fishing
209300000,Cargo/Tanker,Cargo,Non-fishing
209322000,Cargo/Tanker,Cargo,Non-fishing
209361000,Cargo/Tanker,Cargo,Non-fishing
209380000,Cargo/Tanker,Cargo,Non-fishing
209627000,Cargo/Tanker,Cargo,Non-fishing
209719000,Cargo/Tanker,Cargo,Non-fishing
209724000,Cargo/Tanker,Cargo,Non-fishing
209777000,Cargo/Tanker,Cargo,Non-fishing
209792000,Cargo/Tanker,Cargo,Non-fishing
209840000,Cargo/Tanker,Cargo,Non-fishing
209979000,Cargo/Tanker,Cargo,Non-fishing
210001000,Cargo/Tanker,Cargo,Non-fishing
210008000,Cargo/Tanker,Cargo,Non-fishing
210035000,Cargo/Tanker,Cargo,Non-fishing
210122000,Cargo/Tanker,Cargo,Non-fishing
210439000,Cargo/Tanker,Cargo,Non-fishing
210505000,Cargo/Tanker,Cargo,Non-fishing
210716000,Cargo/Tanker,Cargo,Non-fishing
210894000,Cargo/Tanker,Cargo,Non-fishing
211141000,Cargo/Tanker,Cargo,Non-fishing
211187040,Cargo/Tanker,Cargo,Non-fishing
211202770,Cargo/Tanker,Cargo,Non-fishing
211216660,Cargo/Tanker,Cargo,Non-fishing
211221440,Cargo/Tanker,Cargo,Non-fishing
211224560,Cargo/Tanker,Cargo,Non-fishing
211225410,Cargo/Tanker,Cargo,Non-fishing
211226860,Cargo/Tanker,Cargo,Non-fishing
211231300,Cargo/Tanker,Cargo,Non-fishing
211232350,Cargo/Tanker,Cargo,Non-fishing
211234480,Cargo/Tanker,Cargo,Non-fishing
211235880,Cargo/Tanker,Cargo,Non-fishing
211265530,Cargo/Tanker,Cargo,Non-fishing
211284350,Cargo/Tanker,Cargo,Non-fishing
211286440,Cargo/Tanker,Cargo,Non-fishing
211286500,Cargo/Tanker,Cargo,Non-fishing
211317180,Cargo/Tanker,Cargo,Non-fishing
211363350,Cargo/Tanker,Cargo,Non-fishing
211476600,Cargo/Tanker,Cargo,Non-fishing
211507500,Cargo/Tanker,Cargo,Non-fishing
211511160,Cargo/Tanker,Cargo,Non-fishing
211517000,Cargo/Tanker,Cargo,Non-fishing
211651000,Cargo/Tanker,Cargo,Non-fishing
211855000,Cargo/Tanker,Cargo,Non-fishing
212008000,Cargo/Tanker,Cargo,Non-fishing
212037000,Cargo/Tanker,Cargo,Non-fishing
212068000,Cargo/Tanker,Cargo,Non-fishing
212109000,Cargo/Tanker,Cargo,Non-fishing
212157000,Cargo/Tanker,Cargo,Non-fishing
212172000,Cargo/Tanker,Cargo,Non-fishing
212204000,Cargo/Tanker,Cargo,Non-fishing
212250000,Cargo/Tanker,Cargo,Non-fishing
212362000,Cargo/Tanker,Cargo,Non-fishing
212375000,Cargo/Tanker,Cargo,Non-fishing
212400000,Cargo/Tanker,Cargo,Non-fishing
212636000,Cargo/Tanker,Cargo,Non-fishing
212644000,Cargo/Tanker,Cargo,Non-fishing
212675000,Cargo/Tanker,Cargo,Non-fishing
212706000,Cargo/Tanker,Cargo,Non-fishing
212711000,Cargo/Tanker,Cargo,Non-fishing
212723000,Cargo/Tanker,Cargo,Non-fishing
212882000,Cargo/Tanker,Cargo,Non-fishing
212949000,Cargo/Tanker,Cargo,Non-fishing
215381000,Cargo/Tanker,Cargo,Non-fishing
215740000,Cargo/Tanker,Cargo,Non-fishing
218023000,Cargo/Tanker,Cargo,Non-fishing
218024000,Cargo/Tanker,Cargo,Non-fishing
218098000,Cargo/Tanker,Cargo,Non-fishing
218415000,Cargo/Tanker,Cargo,Non-fishing
218627000,Cargo/Tanker,Cargo,Non-fishing
218760000,Cargo/Tanker,Cargo,Non-fishing
219000612,Cargo/Tanker,Cargo,Non-fishing
219000737,Cargo/Tanker,Cargo,Non-fishing
219003452,Cargo/Tanker,Cargo,Non-fishing
219003966,Cargo/Tanker,Cargo,Non-fishing
219117000,Cargo/Tanker,Cargo,Non-fishing
219292000,Cargo/Tanker,Cargo,Non-fishing
219318000,Cargo/Tanker,Cargo,Non-fishing
219435000,Cargo/Tanker,Cargo,Non-fishing
219437000,Cargo/Tanker,Cargo,Non-fishing
219455000,Cargo/Tanker,Cargo,Non-fishing
220223000,Cargo/Tanker,Cargo,Non-fishing
220253000,Cargo/Tanker,Cargo,Non-fishing
220284000,Cargo/Tanker,Cargo,Non-fishing
220464000,Cargo/Tanker,Cargo,Non-fishing
220600000,Cargo/Tanker,Cargo,Non-fishing
225428000,Cargo/Tanker,Cargo,Non-fishing
226324000,Cargo/Tanker,Cargo,Non-fishing
226328000,Cargo/Tanker,Cargo,Non-fishing
228057000,Cargo/Tanker,Cargo,Non-fishing
228348900,Cargo/Tanker,Cargo,Non-fishing
229111000,Cargo/Tanker,Cargo,Non-fishing
229248000,Cargo/Tanker,Cargo,Non-fishing
229249000,Cargo/Tanker,Cargo,Non-fishing
230367000,Cargo/Tanker,Cargo,Non-fishing
230621000,Cargo/Tanker,Cargo,Non-fishing
230915000,Cargo/Tanker,Cargo,Non-fishing
230917000,Cargo/Tanker,Cargo,Non-fishing
230927000,Cargo/Tanker,Cargo,Non-fishing
230941000,Cargo/Tanker,Cargo,Non-fishing
231136000,Cargo/Tanker,Cargo,Non-fishing
231565000,Cargo/Tanker,Cargo,Non-fishing
231763000,Cargo/Tanker,Cargo,Non-fishing
232004630,Cargo/Tanker,Cargo,Non-fishing
232079000,Cargo/Tanker,Cargo,Non-fishing
232877000,Cargo/Tanker,Cargo,Non-fishing
232971000,Cargo/Tanker,Cargo,Non-fishing
233234000,Cargo/Tanker,Cargo,Non-fishing
234056000,Cargo/Tanker,Cargo,Non-fishing
234299000,Cargo/Tanker,Cargo,Non-fishing
235050734,Cargo/Tanker,Cargo,Non-fishing
235054581,Cargo/Tanker,Cargo,Non-fishing
235060306,Cargo/Tanker,Cargo,Non-fishing
235060679,Cargo/Tanker,Cargo,Non-fishing
235060989,Cargo/Tanker,Cargo,Non-fishing
235066953,Cargo/Tanker,Cargo,Non-fishing
235068085,Cargo/Tanker,Cargo,Non-fishing
235075024,Cargo/Tanker,Cargo,Non-fishing
235076847,Cargo/Tanker,Cargo,Non-fishing
235083476,Cargo/Tanker,Cargo,Non-fishing
235084107,Cargo/Tanker,Cargo,Non-fishing
235085681,Cargo/Tanker,Cargo,Non-fishing
235090183,Cargo/Tanker,Cargo,Non-fishing
235092453,Cargo/Tanker,Cargo,Non-fishing
235095162,Cargo/Tanker,Cargo,Non-fishing
235095629,Cargo/Tanker,Cargo,Non-fishing
235134000,Cargo/Tanker,Cargo,Non-fishing
235620000,Cargo/Tanker,Cargo,Non-fishing
235666000,Cargo/Tanker,Cargo,Non-fishing
236333000,Cargo/Tanker,Cargo,Non-fishing
236362000,Cargo/Tanker,Cargo,Non-fishing
236481000,Cargo/Tanker,Cargo,Non-fishing
236597000,Cargo/Tanker,Cargo,Non-fishing
236598000,Cargo/Tanker,Cargo,Non-fishing
237009900,Cargo/Tanker,Cargo,Non-fishing
244010437,Cargo/Tanker,Cargo,Non-fishing
244010517,Cargo/Tanker,Cargo,Non-fishing
244010773,Cargo/Tanker,Cargo,Non-fishing
244020916,Cargo/Tanker,Cargo,Non-fishing
244030668,Cargo/Tanker,Cargo,Non-fishing
244070991,Cargo/Tanker,Cargo,Non-fishing
244100001,Cargo/Tanker,Cargo,Non-fishing
244180000,Cargo/Tanker,Cargo,Non-fishing
244198000,Cargo/Tanker,Cargo,Non-fishing
244296000,Cargo/Tanker,Cargo,Non-fishing
244341000,Cargo/Tanker,Cargo,Non-fishing
244357000,Cargo/Tanker,Cargo,Non-fishing
244396000,Cargo/Tanker,Cargo,Non-fishing
244398000,Cargo/Tanker,Cargo,Non-fishing
244430000,Cargo/Tanker,Cargo,Non-fishing
244567890,Cargo/Tanker,Cargo,Non-fishing
244597000,Cargo/Tanker,Cargo,Non-fishing
244615748,Cargo/Tanker,Cargo,Non-fishing
244615897,Cargo/Tanker,Cargo,Non-fishing
244615899,Cargo/Tanker,Cargo,Non-fishing
244620446,Cargo/Tanker,Cargo,Non-fishing
244620781,Cargo/Tanker,Cargo,Non-fishing
244620938,Cargo/Tanker,Cargo,Non-fishing
244620939,Cargo/Tanker,Cargo,Non-fishing
244620940,Cargo/Tanker,Cargo,Non-fishing
244620955,Cargo/Tanker,Cargo,Non-fishing
244620964,Cargo/Tanker,Cargo,Non-fishing
244620965,Cargo/Tanker,Cargo,Non-fishing
244620966,Cargo/Tanker,Cargo,Non-fishing
244620973,Cargo/Tanker,Cargo,Non-fishing
244626000,Cargo/Tanker,Cargo,Non-fishing
244630036,Cargo/Tanker,Cargo,Non-fishing
244630052,Cargo/Tanker,Cargo,Non-fishing
244630112,Cargo/Tanker,Cargo,Non-fishing
244630153,Cargo/Tanker,Cargo,Non-fishing
244630344,Cargo/Tanker,Cargo,Non-fishing
244630606,Cargo/Tanker,Cargo,Non-fishing
244630718,Cargo/Tanker,Cargo,Non-fishing
244630858,Cargo/Tanker,Cargo,Non-fishing
244650144,Cargo/Tanker,Cargo,Non-fishing
244650467,Cargo/Tanker,Cargo,Non-fishing
244650575,Cargo/Tanker,Cargo,Non-fishing
244650790,Cargo/Tanker,Cargo,Non-fishing
244650852,Cargo/Tanker,Cargo,Non-fishing
244650853,Cargo/Tanker,Cargo,Non-fishing
244650868,Cargo/Tanker,Cargo,Non-fishing
244650874,Cargo/Tanker,Cargo,Non-fishing
244650875,Cargo/Tanker,Cargo,Non-fishing
244650881,Cargo/Tanker,Cargo,Non-fishing
244650883,Cargo/Tanker,Cargo,Non-fishing
244650924,Cargo/Tanker,Cargo,Non-fishing
244650945,Cargo/Tanker,Cargo,Non-fishing
244650979,Cargo/Tanker,Cargo,Non-fishing
244660032,Cargo/Tanker,Cargo,Non-fishing
244660087,Cargo/Tanker,Cargo,Non-fishing
244660107,Cargo/Tanker,Cargo,Non-fishing
244660108,Cargo/Tanker,Cargo,Non-fishing
244660118,Cargo/Tanker,Cargo,Non-fishing
244660122,Cargo/Tanker,Cargo,Non-fishing
244660168,Cargo/Tanker,Cargo,Non-fishing
244660169,Cargo/Tanker,Cargo,Non-fishing
244660178,Cargo/Tanker,Cargo,Non-fishing
244660202,Cargo/Tanker,Cargo,Non-fishing
244660216,Cargo/Tanker,Cargo,Non-fishing
244660222,Cargo/Tanker,Cargo,Non-fishing
244660224,Cargo/Tanker,Cargo,Non-fishing
244660227,Cargo/Tanker,Cargo,Non-fishing
244660245,Cargo/Tanker,Cargo,Non-fishing
244660306,Cargo/Tanker,Cargo,Non-fishing
244660390,Cargo/Tanker,Cargo,Non-fishing
244660395,Cargo/Tanker,Cargo,Non-fishing
244660400,Cargo/Tanker,Cargo,Non-fishing
244660441,Cargo/Tanker,Cargo,Non-fishing
244660449,Cargo/Tanker,Cargo,Non-fishing
244660522,Cargo/Tanker,Cargo,Non-fishing
244660541,Cargo/Tanker,Cargo,Non-fishing
244660545,Cargo/Tanker,Cargo,Non-fishing
244660620,Cargo/Tanker,Cargo,Non-fishing
244660644,Cargo/Tanker,Cargo,Non-fishing
244660679,Cargo/Tanker,Cargo,Non-fishing
244660705,Cargo/Tanker,Cargo,Non-fishing
244660725,Cargo/Tanker,Cargo,Non-fishing
244660742,Cargo/Tanker,Cargo,Non-fishing
244660765,Cargo/Tanker,Cargo,Non-fishing
244660830,Cargo/Tanker,Cargo,Non-fishing
244660905,Cargo/Tanker,Cargo,Non-fishing
244660920,Cargo/Tanker,Cargo,Non-fishing
244670043,Cargo/Tanker,Cargo,Non-fishing
244670217,Cargo/Tanker,Cargo,Non-fishing
244670295,Cargo/Tanker,Cargo,Non-fishing
244670369,Cargo/Tanker,Cargo,Non-fishing
244670401,Cargo/Tanker,Cargo,Non-fishing
244670413,Cargo/Tanker,Cargo,Non-fishing
244670435,Cargo/Tanker,Cargo,Non-fishing
244670487,Cargo/Tanker,Cargo,Non-fishing
244670521,Cargo/Tanker,Cargo,Non-fishing
244670571,Cargo/Tanker,Cargo,Non-fishing
244670674,Cargo/Tanker,Cargo,Non-fishing
244670857,Cargo/Tanker,Cargo,Non-fishing
244670938,Cargo/Tanker,Cargo,Non-fishing
244690002,Cargo/Tanker,Cargo,Non-fishing
244690071,Cargo/Tanker,Cargo,Non-fishing
244690112,Cargo/Tanker,Cargo,Non-fishing
244690429,Cargo/Tanker,Cargo,Non-fishing
244690451,Cargo/Tanker,Cargo,Non-fishing
244690455,Cargo/Tanker,Cargo,Non-fishing
244690736,Cargo/Tanker,Cargo,Non-fishing
244690903,Cargo/Tanker,Cargo,Non-fishing
244690905,Cargo/Tanker,Cargo,Non-fishing
244690914,Cargo/Tanker,Cargo,Non-fishing
244700065,Cargo/Tanker,Cargo,Non-fishing
244700170,Cargo/Tanker,Cargo,Non-fishing
244700231,Cargo/Tanker,Cargo,Non-fishing
244700271,Cargo/Tanker,Cargo,Non-fishing
244700355,Cargo/Tanker,Cargo,Non-fishing
244700363,Cargo/Tanker,Cargo,Non-fishing
244700469,Cargo/Tanker,Cargo,Non-fishing
244700537,Cargo/Tanker,Cargo,Non-fishing
244700592,Cargo/Tanker,Cargo,Non-fishing
244700632,Cargo/Tanker,Cargo,Non-fishing
244700726,Cargo/Tanker,Cargo,Non-fishing
244700749,Cargo/Tanker,Cargo,Non-fishing
244700771,Cargo/Tanker,Cargo,Non-fishing
244700798,Cargo/Tanker,Cargo,Non-fishing
244700985,Cargo/Tanker,Cargo,Non-fishing
244700986,Cargo/Tanker,Cargo,Non-fishing
244710151,Cargo/Tanker,Cargo,Non-fishing
244710341,Cargo/Tanker,Cargo,Non-fishing
244710707,Cargo/Tanker,Cargo,Non-fishing
244710763,Cargo/Tanker,Cargo,Non-fishing
244710833,Cargo/Tanker,Cargo,Non-fishing
244710896,Cargo/Tanker,Cargo,Non-fishing
244730045,Cargo/Tanker,Cargo,Non-fishing
244730477,Cargo/Tanker,Cargo,Non-fishing
244730862,Cargo/Tanker,Cargo,Non-fishing
244730959,Cargo/Tanker,Cargo,Non-fishing
244735000,Cargo/Tanker,Cargo,Non-fishing
244740730,Cargo/Tanker,Cargo,Non-fishing
244740742,Cargo/Tanker,Cargo,Non-fishing
244740804,Cargo/Tanker,Cargo,Non-fishing
244750019,Cargo/Tanker,Cargo,Non-fishing
244750021,Cargo/Tanker,Cargo,Non-fishing
244750022,Cargo/Tanker,Cargo,Non-fishing
244750043,Cargo/Tanker,Cargo,Non-fishing
244750124,Cargo/Tanker,Cargo,Non-fishing
244750163,Cargo/Tanker,Cargo,Non-fishing
244750202,Cargo/Tanker,Cargo,Non-fishing
244750382,Cargo/Tanker,Cargo,Non-fishing
244750390,Cargo/Tanker,Cargo,Non-fishing
244750401,Cargo/Tanker,Cargo,Non-fishing
244750742,Cargo/Tanker,Cargo,Non-fishing
244780087,Cargo/Tanker,Cargo,Non-fishing
244780806,Cargo/Tanker,Cargo,Non-fishing
244780826,Cargo/Tanker,Cargo,Non-fishing
244874000,Cargo/Tanker,Cargo,Non-fishing
244985000,Cargo/Tanker,Cargo,Non-fishing
245088000,Cargo/Tanker,Cargo,Non-fishing
245258000,Cargo/Tanker,Cargo,Non-fishing
245334000,Cargo/Tanker,Cargo,Non-fishing
245421000,Cargo/Tanker,Cargo,Non-fishing
245448000,Cargo/Tanker,Cargo,Non-fishing
245452000,Cargo/Tanker,Cargo,Non-fishing
245457000,Cargo/Tanker,Cargo,Non-fishing
245745000,Cargo/Tanker,Cargo,Non-fishing
245749000,Cargo/Tanker,Cargo,Non-fishing
245871000,Cargo/Tanker,Cargo,Non-fishing
245897000,Cargo/Tanker,Cargo,Non-fishing
246043000,Cargo/Tanker,Cargo,Non-fishing
246046000,Cargo/Tanker,Cargo,Non-fishing
246171000,Cargo/Tanker,Cargo,Non-fishing
246190000,Cargo/Tanker,Cargo,Non-fishing
246195000,Cargo/Tanker,Cargo,Non-fishing
246230000,Cargo/Tanker,Cargo,Non-fishing
246255000,Cargo/Tanker,Cargo,Non-fishing
246345000,Cargo/Tanker,Cargo,Non-fishing
246355000,Cargo/Tanker,Cargo,Non-fishing
246361000,Cargo/Tanker,Cargo,Non-fishing
246386000,Cargo/Tanker,Cargo,Non-fishing
246443000,Cargo/Tanker,Cargo,Non-fishing
246530000,Cargo/Tanker,Cargo,Non-fishing
246650000,Cargo/Tanker,Cargo,Non-fishing
247091500,Cargo/Tanker,Cargo,Non-fishing
247098900,Cargo/Tanker,Cargo,Non-fishing
247304200,Cargo/Tanker,Cargo,Non-fishing
247311200,Cargo/Tanker,Cargo,Non-fishing
247318300,Cargo/Tanker,Cargo,Non-fishing
247590000,Cargo/Tanker,Cargo,Non-fishing
248811000,Cargo/Tanker,Cargo,Non-fishing
249327000,Cargo/Tanker,Cargo,Non-fishing
249375000,Cargo/Tanker,Cargo,Non-fishing
250002688,Cargo/Tanker,Cargo,Non-fishing
250191000,Cargo/Tanker,Cargo,Non-fishing
251449110,Cargo/Tanker,Cargo,Non-fishing
253023000,Cargo/Tanker,Cargo,Non-fishing
253031000,Cargo/Tanker,Cargo,Non-fishing
253034000,Cargo/Tanker,Cargo,Non-fishing
253242428,Cargo/Tanker,Cargo,Non-fishing
253318000,Cargo/Tanker,Cargo,Non-fishing
253396000,Cargo/Tanker,Cargo,Non-fishing
253416000,Cargo/Tanker,Cargo,Non-fishing
253417000,Cargo/Tanker,Cargo,Non-fishing
253449000,Cargo/Tanker,Cargo,Non-fishing
255786000,Cargo/Tanker,Cargo,Non-fishing
255801580,Cargo/Tanker,Cargo,Non-fishing
255802650,Cargo/Tanker,Cargo,Non-fishing
256022000,Cargo/Tanker,Cargo,Non-fishing
256232000,Cargo/Tanker,Cargo,Non-fishing
256512000,Cargo/Tanker,Cargo,Non-fishing
256639000,Cargo/Tanker,Cargo,Non-fishing
256751000,Cargo/Tanker,Cargo,Non-fishing
257329800,Cargo/Tanker,Cargo,Non-fishing
257366000,Cargo/Tanker,Cargo,Non-fishing
258030500,Cargo/Tanker,Cargo,Non-fishing
258232000,Cargo/Tanker,Cargo,Non-fishing
258463000,Cargo/Tanker,Cargo,Non-fishing
258484000,Cargo/Tanker,Cargo,Non-fishing
258538000,Cargo/Tanker,Cargo,Non-fishing
258574000,Cargo/Tanker,Cargo,Non-fishing
258758000,Cargo/Tanker,Cargo,Non-fishing
258822000,Cargo/Tanker,Cargo,Non-fishing
261002100,Cargo/Tanker,Cargo,Non-fishing
261011150,Cargo/Tanker,Cargo,Non-fishing
261479000,Cargo/Tanker,Cargo,Non-fishing
263757000,Cargo/Tanker,Cargo,Non-fishing
265191000,Cargo/Tanker,Cargo,Non-fishing
265288000,Cargo/Tanker,Cargo,Non-fishing
265327000,Cargo/Tanker,Cargo,Non-fishing
265413000,Cargo/Tanker,Cargo,Non-fishing
265596390,Cargo/Tanker,Cargo,Non-fishing
265609090,Cargo/Tanker,Cargo,Non-fishing
265627630,Cargo/Tanker,Cargo,Non-fishing
265649390,Cargo/Tanker,Cargo,Non-fishing
266248000,Cargo/Tanker,Cargo,Non-fishing
266260000,Cargo/Tanker,Cargo,Non-fishing
269056666,Cargo/Tanker,Cargo,Non-fishing
269056737,Cargo/Tanker,Cargo,Non-fishing
269056742,Cargo/Tanker,Cargo,Non-fishing
269057405,Cargo/Tanker,Cargo,Non-fishing
277400000,Cargo/Tanker,Cargo,Non-fishing
303683000,Cargo/Tanker,Cargo,Non-fishing
304010514,Cargo/Tanker,Cargo,Non-fishing
304010515,Cargo/Tanker,Cargo,Non-fishing
304010625,Cargo/Tanker,Cargo,Non-fishing
304010998,Cargo/Tanker,Cargo,Non-fishing
304267000,Cargo/Tanker,Cargo,Non-fishing
304304000,Cargo/Tanker,Cargo,Non-fishing
304416000,Cargo/Tanker,Cargo,Non-fishing
304418000,Cargo/Tanker,Cargo,Non-fishing
304616000,Cargo/Tanker,Cargo,Non-fishing
304695000,Cargo/Tanker,Cargo,Non-fishing
304696000,Cargo/Tanker,Cargo,Non-fishing
304707000,Cargo/Tanker,Cargo,Non-fishing
304771000,Cargo/Tanker,Cargo,Non-fishing
304816000,Cargo/Tanker,Cargo,Non-fishing
304922000,Cargo/Tanker,Cargo,Non-fishing
304923000,Cargo/Tanker,Cargo,Non-fishing
304944000,Cargo/Tanker,Cargo,Non-fishing
304967000,Cargo/Tanker,Cargo,Non-fishing
304972000,Cargo/Tanker,Cargo,Non-fishing
305001000,Cargo/Tanker,Cargo,Non-fishing
305015000,Cargo/Tanker,Cargo,Non-fishing
305089000,Cargo/Tanker,Cargo,Non-fishing
305115000,Cargo/Tanker,Cargo,Non-fishing
305134000,Cargo/Tanker,Cargo,Non-fishing
305148000,Cargo/Tanker,Cargo,Non-fishing
305174000,Cargo/Tanker,Cargo,Non-fishing
305234000,Cargo/Tanker,Cargo,Non-fishing
305259000,Cargo/Tanker,Cargo,Non-fishing
305268000,Cargo/Tanker,Cargo,Non-fishing
305272000,Cargo/Tanker,Cargo,Non-fishing
305299000,Cargo/Tanker,Cargo,Non-fishing
305346000,Cargo/Tanker,Cargo,Non-fishing
305355000,Cargo/Tanker,Cargo,Non-fishing
305360000,Cargo/Tanker,Cargo,Non-fishing
305399000,Cargo/Tanker,Cargo,Non-fishing
305412000,Cargo/Tanker,Cargo,Non-fishing
305414000,Cargo/Tanker,Cargo,Non-fishing
305468000,Cargo/Tanker,Cargo,Non-fishing
305506000,Cargo/Tanker,Cargo,Non-fishing
305531000,Cargo/Tanker,Cargo,Non-fishing
305593000,Cargo/Tanker,Cargo,Non-fishing
305600000,Cargo/Tanker,Cargo,Non-fishing
305622000,Cargo/Tanker,Cargo,Non-fishing
305643000,Cargo/Tanker,Cargo,Non-fishing
305648000,Cargo/Tanker,Cargo,Non-fishing
305654000,Cargo/Tanker,Cargo,Non-fishing
305669000,Cargo/Tanker,Cargo,Non-fishing
305685000,Cargo/Tanker,Cargo,Non-fishing
305697000,Cargo/Tanker,Cargo,Non-fishing
305707000,Cargo/Tanker,Cargo,Non-fishing
305709000,Cargo/Tanker,Cargo,Non-fishing
305735000,Cargo/Tanker,Cargo,Non-fishing
305741000,Cargo/Tanker,Cargo,Non-fishing
305817000,Cargo/Tanker,Cargo,Non-fishing
305838000,Cargo/Tanker,Cargo,Non-fishing
305875000,Cargo/Tanker,Cargo,Non-fishing
305886000,Cargo/Tanker,Cargo,Non-fishing
308654000,Cargo/Tanker,Cargo,Non-fishing
308803000,Cargo/Tanker,Cargo,Non-fishing
308839000,Cargo/Tanker,Cargo,Non-fishing
309369000,Cargo/Tanker,Cargo,Non-fishing
309497000,Cargo/Tanker,Cargo,Non-fishing
309536000,Cargo/Tanker,Cargo,Non-fishing
309601000,Cargo/Tanker,Cargo,Non-fishing
309759000,Cargo/Tanker,Cargo,Non-fishing
309764000,Cargo/Tanker,Cargo,Non-fishing
309887000,Cargo/Tanker,Cargo,Non-fishing
310132000,Cargo/Tanker,Cargo,Non-fishing
310398000,Cargo/Tanker,Cargo,Non-fishing
311004900,Cargo/Tanker,Cargo,Non-fishing
311013600,Cargo/Tanker,Cargo,Non-fishing
311018600,Cargo/Tanker,Cargo,Non-fishing
311035300,Cargo/Tanker,Cargo,Non-fishing
311038300,Cargo/Tanker,Cargo,Non-fishing
311045300,Cargo/Tanker,Cargo,Non-fishing
311301000,Cargo/Tanker,Cargo,Non-fishing
311349000,Cargo/Tanker,Cargo,Non-fishing
311351000,Cargo/Tanker,Cargo,Non-fishing
311353000,Cargo/Tanker,Cargo,Non-fishing
311392000,Cargo/Tanker,Cargo,Non-fishing
311738000,Cargo/Tanker,Cargo,Non-fishing
311818000,Cargo/Tanker,Cargo,Non-fishing
311864000,Cargo/Tanker,Cargo,Non-fishing
311945000,Cargo/Tanker,Cargo,Non-fishing
311995000,Cargo/Tanker,Cargo,Non-fishing
311996000,Cargo/Tanker,Cargo,Non-fishing
314257000,Cargo/Tanker,Cargo,Non-fishing
314317000,Cargo/Tanker,Cargo,Non-fishing
316003289,Cargo/Tanker,Cargo,Non-fishing
316003656,Cargo/Tanker,Cargo,Non-fishing
316018616,Cargo/Tanker,Cargo,Non-fishing
316262000,Cargo/Tanker,Cargo,Non-fishing
319013600,Cargo/Tanker,Cargo,Non-fishing
319025600,Cargo/Tanker,Cargo,Non-fishing
319035500,Cargo/Tanker,Cargo,Non-fishing
319058000,Cargo/Tanker,Cargo,Non-fishing
319740000,Cargo/Tanker,Cargo,Non-fishing
319950000,Cargo/Tanker,Cargo,Non-fishing
338420000,Cargo/Tanker,Cargo,Non-fishing
338781000,Cargo/Tanker,Cargo,Non-fishing
351223000,Cargo/Tanker,Cargo,Non-fishing
351229000,Cargo/Tanker,Cargo,Non-fishing
351241000,Cargo/Tanker,Cargo,Non-fishing
351285000,Cargo/Tanker,Cargo,Non-fishing
351678000,Cargo/Tanker,Cargo,Non-fishing
351698000,Cargo/Tanker,Cargo,Non-fishing
351800000,Cargo/Tanker,Cargo,Non-fishing
351968000,Cargo/Tanker,Cargo,Non-fishing
352123000,Cargo/Tanker,Cargo,Non-fishing
352270000,Cargo/Tanker,Cargo,Non-fishing
352407000,Cargo/Tanker,Cargo,Non-fishing
352448000,Cargo/Tanker,Cargo,Non-fishing
352496000,Cargo/Tanker,Cargo,Non-fishing
352548000,Cargo/Tanker,Cargo,Non-fishing
352651000,Cargo/Tanker,Cargo,Non-fishing
352698000,Cargo/Tanker,Cargo,Non-fishing
352713000,Cargo/Tanker,Cargo,Non-fishing
353111000,Cargo/Tanker,Cargo,Non-fishing
353306000,Cargo/Tanker,Cargo,Non-fishing
353613000,Cargo/Tanker,Cargo,Non-fishing
353633000,Cargo/Tanker,Cargo,Non-fishing
353788000,Cargo/Tanker,Cargo,Non-fishing
353825000,Cargo/Tanker,Cargo,Non-fishing
353870000,Cargo/Tanker,Cargo,Non-fishing
353936000,Cargo/Tanker,Cargo,Non-fishing
354086000,Cargo/Tanker,Cargo,Non-fishing
354362000,Cargo/Tanker,Cargo,Non-fishing
354519000,Cargo/Tanker,Cargo,Non-fishing
354591000,Cargo/Tanker,Cargo,Non-fishing
354614000,Cargo/Tanker,Cargo,Non-fishing
354807000,Cargo/Tanker,Cargo,Non-fishing
354826000,Cargo/Tanker,Cargo,Non-fishing
354893000,Cargo/Tanker,Cargo,Non-fishing
355051000,Cargo/Tanker,Cargo,Non-fishing
355100000,Cargo/Tanker,Cargo,Non-fishing
355139000,Cargo/Tanker,Cargo,Non-fishing
355234000,Cargo/Tanker,Cargo,Non-fishing
355249000,Cargo/Tanker,Cargo,Non-fishing
355290000,Cargo/Tanker,Cargo,Non-fishing
355368000,Cargo/Tanker,Cargo,Non-fishing
355390000,Cargo/Tanker,Cargo,Non-fishing
355444000,Cargo/Tanker,Cargo,Non-fishing
355717000,Cargo/Tanker,Cargo,Non-fishing
355739000,Cargo/Tanker,Cargo,Non-fishing
356005000,Cargo/Tanker,Cargo,Non-fishing
356027000,Cargo/Tanker,Cargo,Non-fishing
356145000,Cargo/Tanker,Cargo,Non-fishing
356333000,Cargo/Tanker,Cargo,Non-fishing
356391000,Cargo/Tanker,Cargo,Non-fishing
356405000,Cargo/Tanker,Cargo,Non-fishing
356459000,Cargo/Tanker,Cargo,Non-fishing
356462000,Cargo/Tanker,Cargo,Non-fishing
356571000,Cargo/Tanker,Cargo,Non-fishing
356941000,Cargo/Tanker,Cargo,Non-fishing
357147000,Cargo/Tanker,Cargo,Non-fishing
357170000,Cargo/Tanker,Cargo,Non-fishing
357260000,Cargo/Tanker,Cargo,Non-fishing
357388000,Cargo/Tanker,Cargo,Non-fishing
357389000,Cargo/Tanker,Cargo,Non-fishing
357496000,Cargo/Tanker,Cargo,Non-fishing
357668000,Cargo/Tanker,Cargo,Non-fishing
357773000,Cargo/Tanker,Cargo,Non-fishing
366365000,Cargo/Tanker,Cargo,Non-fishing
366375000,Cargo/Tanker,Cargo,Non-fishing
366503000,Cargo/Tanker,Cargo,Non-fishing
366557000,Cargo/Tanker,Cargo,Non-fishing
366562000,Cargo/Tanker,Cargo,Non-fishing
366563000,Cargo/Tanker,Cargo,Non-fishing
366576000,Cargo/Tanker,Cargo,Non-fishing
366629000,Cargo/Tanker,Cargo,Non-fishing
366758000,Cargo/Tanker,Cargo,Non-fishing
366791000,Cargo/Tanker,Cargo,Non-fishing
366793000,Cargo/Tanker,Cargo,Non-fishing
366799000,Cargo/Tanker,Cargo,Non-fishing
367003380,Cargo/Tanker,Cargo,Non-fishing
367196000,Cargo/Tanker,Cargo,Non-fishing
367438000,Cargo/Tanker,Cargo,Non-fishing
367486370,Cargo/Tanker,Cargo,Non-fishing
367492920,Cargo/Tanker,Cargo,Non-fishing
367834000,Cargo/Tanker,Cargo,Non-fishing
368164000,Cargo/Tanker,Cargo,Non-fishing
368305000,Cargo/Tanker,Cargo,Non-fishing
368684000,Cargo/Tanker,Cargo,Non-fishing
368685000,Cargo/Tanker,Cargo,Non-fishing
368686000,Cargo/Tanker,Cargo,Non-fishing
368836000,Cargo/Tanker,Cargo,Non-fishing
368992000,Cargo/Tanker,Cargo,Non-fishing
369247000,Cargo/Tanker,Cargo,Non-fishing
369285000,Cargo/Tanker,Cargo,Non-fishing
369296000,Cargo/Tanker,Cargo,Non-fishing
369326000,Cargo/Tanker,Cargo,Non-fishing
369701000,Cargo/Tanker,Cargo,Non-fishing
370081000,Cargo/Tanker,Cargo,Non-fishing
370082000,Cargo/Tanker,Cargo,Non-fishing
370095000,Cargo/Tanker,Cargo,Non-fishing
370097000,Cargo/Tanker,Cargo,Non-fishing
370180000,Cargo/Tanker,Cargo,Non-fishing
370295000,Cargo/Tanker,Cargo,Non-fishing
370320000,Cargo/Tanker,Cargo,Non-fishing
370410000,Cargo/Tanker,Cargo,Non-fishing
370412000,Cargo/Tanker,Cargo,Non-fishing
370458000,Cargo/Tanker,Cargo,Non-fishing
370797000,Cargo/Tanker,Cargo,Non-fishing
370894000,Cargo/Tanker,Cargo,Non-fishing
370993000,Cargo/Tanker,Cargo,Non-fishing
371012000,Cargo/Tanker,Cargo,Non-fishing
371065000,Cargo/Tanker,Cargo,Non-fishing
371073000,Cargo/Tanker,Cargo,Non-fishing
371096000,Cargo/Tanker,Cargo,Non-fishing
371111000,Cargo/Tanker,Cargo,Non-fishing
371437000,Cargo/Tanker,Cargo,Non-fishing
371522000,Cargo/Tanker,Cargo,Non-fishing
371563000,Cargo/Tanker,Cargo,Non-fishing
371608000,Cargo/Tanker,Cargo,Non-fishing
371618000,Cargo/Tanker,Cargo,Non-fishing
371620000,Cargo/Tanker,Cargo,Non-fishing
371627000,Cargo/Tanker,Cargo,Non-fishing
371641000,Cargo/Tanker,Cargo,Non-fishing
371697000,Cargo/Tanker,Cargo,Non-fishing
371714000,Cargo/Tanker,Cargo,Non-fishing
371795000,Cargo/Tanker,Cargo,Non-fishing
371797000,Cargo/Tanker,Cargo,Non-fishing
371827000,Cargo/Tanker,Cargo,Non-fishing
371862000,Cargo/Tanker,Cargo,Non-fishing
371885000,Cargo/Tanker,Cargo,Non-fishing
371888000,Cargo/Tanker,Cargo,Non-fishing
372052000,Cargo/Tanker,Cargo,Non-fishing
372118000,Cargo/Tanker,Cargo,Non-fishing
372148000,Cargo/Tanker,Cargo,Non-fishing
372204000,Cargo/Tanker,Cargo,Non-fishing
372205000,Cargo/Tanker,Cargo,Non-fishing
372290000,Cargo/Tanker,Cargo,Non-fishing
372308000,Cargo/Tanker,Cargo,Non-fishing
372345000,Cargo/Tanker,Cargo,Non-fishing
372346000,Cargo/Tanker,Cargo,Non-fishing
372459000,Cargo/Tanker,Cargo,Non-fishing
372548000,Cargo/Tanker,Cargo,Non-fishing
372610000,Cargo/Tanker,Cargo,Non-fishing
372827000,Cargo/Tanker,Cargo,Non-fishing
372945000,Cargo/Tanker,Cargo,Non-fishing
372955000,Cargo/Tanker,Cargo,Non-fishing
373072000,Cargo/Tanker,Cargo,Non-fishing
373120000,Cargo/Tanker,Cargo,Non-fishing
373167000,Cargo/Tanker,Cargo,Non-fishing
373206000,Cargo/Tanker,Cargo,Non-fishing
373599000,Cargo/Tanker,Cargo,Non-fishing
373822000,Cargo/Tanker,Cargo,Non-fishing
373944000,Cargo/Tanker,Cargo,Non-fishing
375666000,Cargo/Tanker,Cargo,Non-fishing
376001700,Cargo/Tanker,Cargo,Non-fishing
376121000,Cargo/Tanker,Cargo,Non-fishing
377801000,Cargo/Tanker,Cargo,Non-fishing
377901003,Cargo/Tanker,Cargo,Non-fishing
412031260,Cargo/Tanker,Cargo,Non-fishing
412047520,Cargo/Tanker,Cargo,Non-fishing
412055660,Cargo/Tanker,Cargo,Non-fishing
412055870,Cargo/Tanker,Cargo,Non-fishing
412079240,Cargo/Tanker,Cargo,Non-fishing
412079280,Cargo/Tanker,Cargo,Non-fishing
412324930,Cargo/Tanker,Cargo,Non-fishing
412330570,Cargo/Tanker,Cargo,Non-fishing
412330580,Cargo/Tanker,Cargo,Non-fishing
412350960,Cargo/Tanker,Cargo,Non-fishing
412373090,Cargo/Tanker,Cargo,Non-fishing
412373140,Cargo/Tanker,Cargo,Non-fishing
412377090,Cargo/Tanker,Cargo,Non-fishing
412400170,Cargo/Tanker,Cargo,Non-fishing
412406910,Cargo/Tanker,Cargo,Non-fishing
412407680,Cargo/Tanker,Cargo,Non-fishing
412427090,Cargo/Tanker,Cargo,Non-fishing
412429880,Cargo/Tanker,Cargo,Non-fishing
412433920,Cargo/Tanker,Cargo,Non-fishing
412435720,Cargo/Tanker,Cargo,Non-fishing
412450390,Cargo/Tanker,Cargo,Non-fishing
412469640,Cargo/Tanker,Cargo,Non-fishing
412476010,Cargo/Tanker,Cargo,Non-fishing
412703760,Cargo/Tanker,Cargo,Non-fishing
412750910,Cargo/Tanker,Cargo,Non-fishing
412755110,Cargo/Tanker,Cargo,Non-fishing
412763370,Cargo/Tanker,Cargo,Non-fishing
412949000,Cargo/Tanker,Cargo,Non-fishing
413038000,Cargo/Tanker,Cargo,Non-fishing
413053000,Cargo/Tanker,Cargo,Non-fishing
413079010,Cargo/Tanker,Cargo,Non-fishing
413143000,Cargo/Tanker,Cargo,Non-fishing
413145000,Cargo/Tanker,Cargo,Non-fishing
413169000,Cargo/Tanker,Cargo,Non-fishing
413200650,Cargo/Tanker,Cargo,Non-fishing
413304000,Cargo/Tanker,Cargo,Non-fishing
413323640,Cargo/Tanker,Cargo,Non-fishing
413355340,Cargo/Tanker,Cargo,Non-fishing
413371160,Cargo/Tanker,Cargo,Non-fishing
413371190,Cargo/Tanker,Cargo,Non-fishing
413371220,Cargo/Tanker,Cargo,Non-fishing
413371230,Cargo/Tanker,Cargo,Non-fishing
413371260,Cargo/Tanker,Cargo,Non-fishing
413371270,Cargo/Tanker,Cargo,Non-fishing
413373390,Cargo/Tanker,Cargo,Non-fishing
413373490,Cargo/Tanker,Cargo,Non-fishing
413373510,Cargo/Tanker,Cargo,Non-fishing
413375660,Cargo/Tanker,Cargo,Non-fishing
413404240,Cargo/Tanker,Cargo,Non-fishing
413406450,Cargo/Tanker,Cargo,Non-fishing
413408270,Cargo/Tanker,Cargo,Non-fishing
413426890,Cargo/Tanker,Cargo,Non-fishing
413431870,Cargo/Tanker,Cargo,Non-fishing
413432760,Cargo/Tanker,Cargo,Non-fishing
413433370,Cargo/Tanker,Cargo,Non-fishing
413434490,Cargo/Tanker,Cargo,Non-fishing
413434850,Cargo/Tanker,Cargo,Non-fishing
413436310,Cargo/Tanker,Cargo,Non-fishing
413446550,Cargo/Tanker,Cargo,Non-fishing
413462340,Cargo/Tanker,Cargo,Non-fishing
413468190,Cargo/Tanker,Cargo,Non-fishing
413468250,Cargo/Tanker,Cargo,Non-fishing
413472140,Cargo/Tanker,Cargo,Non-fishing
413473150,Cargo/Tanker,Cargo,Non-fishing
413473160,Cargo/Tanker,Cargo,Non-fishing
413473170,Cargo/Tanker,Cargo,Non-fishing
413473630,Cargo/Tanker,Cargo,Non-fishing
413474360,Cargo/Tanker,Cargo,Non-fishing
413508000,Cargo/Tanker,Cargo,Non-fishing
413521680,Cargo/Tanker,Cargo,Non-fishing
413589000,Cargo/Tanker,Cargo,Non-fishing
413633000,Cargo/Tanker,Cargo,Non-fishing
413652000,Cargo/Tanker,Cargo,Non-fishing
413675000,Cargo/Tanker,Cargo,Non-fishing
413762744,Cargo/Tanker,Cargo,Non-fishing
413762748,Cargo/Tanker,Cargo,Non-fishing
413762844,Cargo/Tanker,Cargo,Non-fishing
413762847,Cargo/Tanker,Cargo,Non-fishing
413773461,Cargo/Tanker,Cargo,Non-fishing
413773462,Cargo/Tanker,Cargo,Non-fishing
413773463,Cargo/Tanker,Cargo,Non-fishing
413773543,Cargo/Tanker,Cargo,Non-fishing
413776254,Cargo/Tanker,Cargo,Non-fishing
413777558,Cargo/Tanker,Cargo,Non-fishing
413783000,Cargo/Tanker,Cargo,Non-fishing
413812104,Cargo/Tanker,Cargo,Non-fishing
413816051,Cargo/Tanker,Cargo,Non-fishing
413819000,Cargo/Tanker,Cargo,Non-fishing
413820832,Cargo/Tanker,Cargo,Non-fishing
413822691,Cargo/Tanker,Cargo,Non-fishing
413900695,Cargo/Tanker,Cargo,Non-fishing
413901061,Cargo/Tanker,Cargo,Non-fishing
413901062,Cargo/Tanker,Cargo,Non-fishing
413901139,Cargo/Tanker,Cargo,Non-fishing
413901321,Cargo/Tanker,Cargo,Non-fishing
413901616,Cargo/Tanker,Cargo,Non-fishing
413901676,Cargo/Tanker,Cargo,Non-fishing
413902076,Cargo/Tanker,Cargo,Non-fishing
413902184,Cargo/Tanker,Cargo,Non-fishing
413902194,Cargo/Tanker,Cargo,Non-fishing
413902213,Cargo/Tanker,Cargo,Non-fishing
413902221,Cargo/Tanker,Cargo,Non-fishing
413902896,Cargo/Tanker,Cargo,Non-fishing
413903859,Cargo/Tanker,Cargo,Non-fishing
413904053,Cargo/Tanker,Cargo,Non-fishing
413905166,Cargo/Tanker,Cargo,Non-fishing
413905366,Cargo/Tanker,Cargo,Non-fishing
413905533,Cargo/Tanker,Cargo,Non-fishing
413905607,Cargo/Tanker,Cargo,Non-fishing
413914000,Cargo/Tanker,Cargo,Non-fishing
413961142,Cargo/Tanker,Cargo,Non-fishing
413962198,Cargo/Tanker,Cargo,Non-fishing
413970112,Cargo/Tanker,Cargo,Non-fishing
413973504,Cargo/Tanker,Cargo,Non-fishing
413979414,Cargo/Tanker,Cargo,Non-fishing
413988000,Cargo/Tanker,Cargo,Non-fishing
414121000,Cargo/Tanker,Cargo,Non-fishing
428011000,Cargo/Tanker,Cargo,Non-fishing
431000132,Cargo/Tanker,Cargo,Non-fishing
431000389,Cargo/Tanker,Cargo,Non-fishing
431000474,Cargo/Tanker,Cargo,Non-fishing
431000527,Cargo/Tanker,Cargo,Non-fishing
431000701,Cargo/Tanker,Cargo,Non-fishing
431000706,Cargo/Tanker,Cargo,Non-fishing
431000707,Cargo/Tanker,Cargo,Non-fishing
431000734,Cargo/Tanker,Cargo,Non-fishing
431000776,Cargo/Tanker,Cargo,Non-fishing
431000822,Cargo/Tanker,Cargo,Non-fishing
431000859,Cargo/Tanker,Cargo,Non-fishing
431000925,Cargo/Tanker,Cargo,Non-fishing
431000981,Cargo/Tanker,Cargo,Non-fishing
431001012,Cargo/Tanker,Cargo,Non-fishing
431001077,Cargo/Tanker,Cargo,Non-fishing
431001328,Cargo/Tanker,Cargo,Non-fishing
431001353,Cargo/Tanker,Cargo,Non-fishing
431001549,Cargo/Tanker,Cargo,Non-fishing
431002053,Cargo/Tanker,Cargo,Non-fishing
431002489,Cargo/Tanker,Cargo,Non-fishing
431002504,Cargo/Tanker,Cargo,Non-fishing
431003009,Cargo/Tanker,Cargo,Non-fishing
431003032,Cargo/Tanker,Cargo,Non-fishing
431003177,Cargo/Tanker,Cargo,Non-fishing
431003232,Cargo/Tanker,Cargo,Non-fishing
431003269,Cargo/Tanker,Cargo,Non-fishing
431003354,Cargo/Tanker,Cargo,Non-fishing
431100026,Cargo/Tanker,Cargo,Non-fishing
431100042,Cargo/Tanker,Cargo,Non-fishing
431100182,Cargo/Tanker,Cargo,Non-fishing
431100239,Cargo/Tanker,Cargo,Non-fishing
431100268,Cargo/Tanker,Cargo,Non-fishing
431100311,Cargo/Tanker,Cargo,Non-fishing
431100325,Cargo/Tanker,Cargo,Non-fishing
431100332,Cargo/Tanker,Cargo,Non-fishing
431100408,Cargo/Tanker,Cargo,Non-fishing
431100859,Cargo/Tanker,Cargo,Non-fishing
431100886,Cargo/Tanker,Cargo,Non-fishing
431100906,Cargo/Tanker,Cargo,Non-fishing
431100922,Cargo/Tanker,Cargo,Non-fishing
431100939,Cargo/Tanker,Cargo,Non-fishing
431100945,Cargo/Tanker,Cargo,Non-fishing
431100948,Cargo/Tanker,Cargo,Non-fishing
431100955,Cargo/Tanker,Cargo,Non-fishing
431100957,Cargo/Tanker,Cargo,Non-fishing
431100987,Cargo/Tanker,Cargo,Non-fishing
431101012,Cargo/Tanker,Cargo,Non-fishing
431101054,Cargo/Tanker,Cargo,Non-fishing
431101139,Cargo/Tanker,Cargo,Non-fishing
431101148,Cargo/Tanker,Cargo,Non-fishing
431101175,Cargo/Tanker,Cargo,Non-fishing
431200176,Cargo/Tanker,Cargo,Non-fishing
431200632,Cargo/Tanker,Cargo,Non-fishing
431200647,Cargo/Tanker,Cargo,Non-fishing
431200683,Cargo/Tanker,Cargo,Non-fishing
431200688,Cargo/Tanker,Cargo,Non-fishing
431200693,Cargo/Tanker,Cargo,Non-fishing
431200703,Cargo/Tanker,Cargo,Non-fishing
431200705,Cargo/Tanker,Cargo,Non-fishing
431300014,Cargo/Tanker,Cargo,Non-fishing
431300084,Cargo/Tanker,Cargo,Non-fishing
431300414,Cargo/Tanker,Cargo,Non-fishing
431300458,Cargo/Tanker,Cargo,Non-fishing
431300491,Cargo/Tanker,Cargo,Non-fishing
431300536,Cargo/Tanker,Cargo,Non-fishing
431300888,Cargo/Tanker,Cargo,Non-fishing
431301101,Cargo/Tanker,Cargo,Non-fishing
431301103,Cargo/Tanker,Cargo,Non-fishing
431301453,Cargo/Tanker,Cargo,Non-fishing
431301547,Cargo/Tanker,Cargo,Non-fishing
431301549,Cargo/Tanker,Cargo,Non-fishing
431301596,Cargo/Tanker,Cargo,Non-fishing
431301698,Cargo/Tanker,Cargo,Non-fishing
431301705,Cargo/Tanker,Cargo,Non-fishing
431301812,Cargo/Tanker,Cargo,Non-fishing
431400082,Cargo/Tanker,Cargo,Non-fishing
431400311,Cargo/Tanker,Cargo,Non-fishing
431400386,Cargo/Tanker,Cargo,Non-fishing
431400421,Cargo/Tanker,Cargo,Non-fishing
431400422,Cargo/Tanker,Cargo,Non-fishing
431400446,Cargo/Tanker,Cargo,Non-fishing
431400467,Cargo/Tanker,Cargo,Non-fishing
431400476,Cargo/Tanker,Cargo,Non-fishing
431400593,Cargo/Tanker,Cargo,Non-fishing
431400732,Cargo/Tanker,Cargo,Non-fishing
431401715,Cargo/Tanker,Cargo,Non-fishing
431401788,Cargo/Tanker,Cargo,Non-fishing
431401807,Cargo/Tanker,Cargo,Non-fishing
431401905,Cargo/Tanker,Cargo,Non-fishing
431401953,Cargo/Tanker,Cargo,Non-fishing
431401969,Cargo/Tanker,Cargo,Non-fishing
431402037,Cargo/Tanker,Cargo,Non-fishing
431402044,Cargo/Tanker,Cargo,Non-fishing
431402072,Cargo/Tanker,Cargo,Non-fishing
431500011,Cargo/Tanker,Cargo,Non-fishing
431500103,Cargo/Tanker,Cargo,Non-fishing
431500392,Cargo/Tanker,Cargo,Non-fishing
431500448,Cargo/Tanker,Cargo,Non-fishing
431500511,Cargo/Tanker,Cargo,Non-fishing
431500532,Cargo/Tanker,Cargo,Non-fishing
431500553,Cargo/Tanker,Cargo,Non-fishing
431500572,Cargo/Tanker,Cargo,Non-fishing
431500583,Cargo/Tanker,Cargo,Non-fishing
431500599,Cargo/Tanker,Cargo,Non-fishing
431500624,Cargo/Tanker,Cargo,Non-fishing
431500712,Cargo/Tanker,Cargo,Non-fishing
431500789,Cargo/Tanker,Cargo,Non-fishing
431500955,Cargo/Tanker,Cargo,Non-fishing
431501083,Cargo/Tanker,Cargo,Non-fishing
431501382,Cargo/Tanker,Cargo,Non-fishing
431501607,Cargo/Tanker,Cargo,Non-fishing
431501618,Cargo/Tanker,Cargo,Non-fishing
431501619,Cargo/Tanker,Cargo,Non-fishing
431501621,Cargo/Tanker,Cargo,Non-fishing
431501625,Cargo/Tanker,Cargo,Non-fishing
431501644,Cargo/Tanker,Cargo,Non-fishing
431501666,Cargo/Tanker,Cargo,Non-fishing
431501669,Cargo/Tanker,Cargo,Non-fishing
431501684,Cargo/Tanker,Cargo,Non-fishing
431501692,Cargo/Tanker,Cargo,Non-fishing
431501713,Cargo/Tanker,Cargo,Non-fishing
431501723,Cargo/Tanker,Cargo,Non-fishing
431501732,Cargo/Tanker,Cargo,Non-fishing
431501746,Cargo/Tanker,Cargo,Non-fishing
431501749,Cargo/Tanker,Cargo,Non-fishing
431501753,Cargo/Tanker,Cargo,Non-fishing
431501764,Cargo/Tanker,Cargo,Non-fishing
431501791,Cargo/Tanker,Cargo,Non-fishing
431501816,Cargo/Tanker,Cargo,Non-fishing
431501839,Cargo/Tanker,Cargo,Non-fishing
431501856,Cargo/Tanker,Cargo,Non-fishing
431501857,Cargo/Tanker,Cargo,Non-fishing
431501871,Cargo/Tanker,Cargo,Non-fishing
431600647,Cargo/Tanker,Cargo,Non-fishing
431601949,Cargo/Tanker,Cargo,Non-fishing
431602174,Cargo/Tanker,Cargo,Non-fishing
431602206,Cargo/Tanker,Cargo,Non-fishing
431602306,Cargo/Tanker,Cargo,Non-fishing
431680212,Cargo/Tanker,Cargo,Non-fishing
431680233,Cargo/Tanker,Cargo,Non-fishing
431800289,Cargo/Tanker,Cargo,Non-fishing
432342000,Cargo/Tanker,Cargo,Non-fishing
432496000,Cargo/Tanker,Cargo,Non-fishing
432606000,Cargo/Tanker,Cargo,Non-fishing
432613000,Cargo/Tanker,Cargo,Non-fishing
432667000,Cargo/Tanker,Cargo,Non-fishing
432839000,Cargo/Tanker,Cargo,Non-fishing
440245000,Cargo/Tanker,Cargo,Non-fishing
441717000,Cargo/Tanker,Cargo,Non-fishing
441861000,Cargo/Tanker,Cargo,Non-fishing
441872000,Cargo/Tanker,Cargo,Non-fishing
477046800,Cargo/Tanker,Cargo,Non-fishing
477056600,Cargo/Tanker,Cargo,Non-fishing
477062000,Cargo/Tanker,Cargo,Non-fishing
477105600,Cargo/Tanker,Cargo,Non-fishing
477105800,Cargo/Tanker,Cargo,Non-fishing
477111300,Cargo/Tanker,Cargo,Non-fishing
477158700,Cargo/Tanker,Cargo,Non-fishing
477165000,Cargo/Tanker,Cargo,Non-fishing
477174800,Cargo/Tanker,Cargo,Non-fishing
477189700,Cargo/Tanker,Cargo,Non-fishing
477196800,Cargo/Tanker,Cargo,Non-fishing
477218500,Cargo/Tanker,Cargo,Non-fishing
477264700,Cargo/Tanker,Cargo,Non-fishing
477280900,Cargo/Tanker,Cargo,Non-fishing
477317500,Cargo/Tanker,Cargo,Non-fishing
477382000,Cargo/Tanker,Cargo,Non-fishing
477423500,Cargo/Tanker,Cargo,Non-fishing
477435700,Cargo/Tanker,Cargo,Non-fishing
477440400,Cargo/Tanker,Cargo,Non-fishing
477535200,Cargo/Tanker,Cargo,Non-fishing
477549000,Cargo/Tanker,Cargo,Non-fishing
477612200,Cargo/Tanker,Cargo,Non-fishing
477628400,Cargo/Tanker,Cargo,Non-fishing
477634800,Cargo/Tanker,Cargo,Non-fishing
477655200,Cargo/Tanker,Cargo,Non-fishing
477728800,Cargo/Tanker,Cargo,Non-fishing
477738200,Cargo/Tanker,Cargo,Non-fishing
477758000,Cargo/Tanker,Cargo,Non-fishing
477764700,Cargo/Tanker,Cargo,Non-fishing
477765800,Cargo/Tanker,Cargo,Non-fishing
477830800,Cargo/Tanker,Cargo,Non-fishing
477831200,Cargo/Tanker,Cargo,Non-fishing
477860000,Cargo/Tanker,Cargo,Non-fishing
477865000,Cargo/Tanker,Cargo,Non-fishing
477866300,Cargo/Tanker,Cargo,Non-fishing
477888000,Cargo/Tanker,Cargo,Non-fishing
477898700,Cargo/Tanker,Cargo,Non-fishing
477938500,Cargo/Tanker,Cargo,Non-fishing
477958300,Cargo/Tanker,Cargo,Non-fishing
477995174,Cargo/Tanker,Cargo,Non-fishing
477999200,Cargo/Tanker,Cargo,Non-fishing
503000027,Cargo/Tanker,Cargo,Non-fishing
503000035,Cargo/Tanker,Cargo,Non-fishing
503000039,Cargo/Tanker,Cargo,Non-fishing
503000069,Cargo/Tanker,Cargo,Non-fishing
503000370,Cargo/Tanker,Cargo,Non-fishing
503043000,Cargo/Tanker,Cargo,Non-fishing
503060000,Cargo/Tanker,Cargo,Non-fishing
503086000,Cargo/Tanker,Cargo,Non-fishing
503087000,Cargo/Tanker,Cargo,Non-fishing
503405000,Cargo/Tanker,Cargo,Non-fishing
503457300,Cargo/Tanker,Cargo,Non-fishing
503561000,Cargo/Tanker,Cargo,Non-fishing
503584000,Cargo/Tanker,Cargo,Non-fishing
503620000,Cargo/Tanker,Cargo,Non-fishing
503672000,Cargo/Tanker,Cargo,Non-fishing
503692000,Cargo/Tanker,Cargo,Non-fishing
503720000,Cargo/Tanker,Cargo,Non-fishing
512000048,Cargo/Tanker,Cargo,Non-fishing
512000049,Cargo/Tanker,Cargo,Non-fishing
512000390,Cargo/Tanker,Cargo,Non-fishing
512042000,Cargo/Tanker,Cargo,Non-fishing
512150000,Cargo/Tanker,Cargo,Non-fishing
518132000,Cargo/Tanker,Cargo,Non-fishing
518520000,Cargo/Tanker,Cargo,Non-fishing
538002734,Cargo/Tanker,Cargo,Non-fishing
538002797,Cargo/Tanker,Cargo,Non-fishing
538003252,Cargo/Tanker,Cargo,Non-fishing
538003600,Cargo/Tanker,Cargo,Non-fishing
538004697,Cargo/Tanker,Cargo,Non-fishing
538090152,Cargo/Tanker,Cargo,Non-fishing
538090261,Cargo/Tanker,Cargo,Non-fishing
538090304,Cargo/Tanker,Cargo,Non-fishing
538090408,Cargo/Tanker,Cargo,Non-fishing
546006000,Cargo/Tanker,Cargo,Non-fishing
563259000,Cargo/Tanker,Cargo,Non-fishing
563373000,Cargo/Tanker,Cargo,Non-fishing
563498000,Cargo/Tanker,Cargo,Non-fishing
563754000,Cargo/Tanker,Cargo,Non-fishing
563758000,Cargo/Tanker,Cargo,Non-fishing
564012000,Cargo/Tanker,Cargo,Non-fishing
564084000,Cargo/Tanker,Cargo,Non-fishing
564109000,Cargo/Tanker,Cargo,Non-fishing
564245000,Cargo/Tanker,Cargo,Non-fishing
564379000,Cargo/Tanker,Cargo,Non-fishing
564404000,Cargo/Tanker,Cargo,Non-fishing
564446000,Cargo/Tanker,Cargo,Non-fishing
564482000,Cargo/Tanker,Cargo,Non-fishing
564519000,Cargo/Tanker,Cargo,Non-fishing
564621000,Cargo/Tanker,Cargo,Non-fishing
564837000,Cargo/Tanker,Cargo,Non-fishing
564979000,Cargo/Tanker,Cargo,Non-fishing
564994000,Cargo/Tanker,Cargo,Non-fishing
565050000,Cargo/Tanker,Cargo,Non-fishing
565150000,Cargo/Tanker,Cargo,Non-fishing
565225000,Cargo/Tanker,Cargo,Non-fishing
565533000,Cargo/Tanker,Cargo,Non-fishing
565730000,Cargo/Tanker,Cargo,Non-fishing
565997000,Cargo/Tanker,Cargo,Non-fishing
566041000,Cargo/Tanker,Cargo,Non-fishing
566049000,Cargo/Tanker,Cargo,Non-fishing
566093000,Cargo/Tanker,Cargo,Non-fishing
566222000,Cargo/Tanker,Cargo,Non-fishing
566338000,Cargo/Tanker,Cargo,Non-fishing
566510000,Cargo/Tanker,Cargo,Non-fishing
566624000,Cargo/Tanker,Cargo,Non-fishing
566625000,Cargo/Tanker,Cargo,Non-fishing
570173000,Cargo/Tanker,Cargo,Non-fishing
576290000,Cargo/Tanker,Cargo,Non-fishing
577106000,Cargo/Tanker,Cargo,Non-fishing
636007699,Cargo/Tanker,Cargo,Non-fishing
636010677,Cargo/Tanker,Cargo,Non-fishing
636011280,Cargo/Tanker,Cargo,Non-fishing
636013698,Cargo/Tanker,Cargo,Non-fishing
636013699,Cargo/Tanker,Cargo,Non-fishing
636014030,Cargo/Tanker,Cargo,Non-fishing
636014031,Cargo/Tanker,Cargo,Non-fishing
636014210,Cargo/Tanker,Cargo,Non-fishing
636014516,Cargo/Tanker,Cargo,Non-fishing
636014587,Cargo/Tanker,Cargo,Non-fishing
636014588,Cargo/Tanker,Cargo,Non-fishing
636014800,Cargo/Tanker,Cargo,Non-fishing
636014996,Cargo/Tanker,Cargo,Non-fishing
636015183,Cargo/Tanker,Cargo,Non-fishing
636015205,Cargo/Tanker,Cargo,Non-fishing
636015228,Cargo/Tanker,Cargo,Non-fishing
636015370,Cargo/Tanker,Cargo,Non-fishing
636015429,Cargo/Tanker,Cargo,Non-fishing
636015557,Cargo/Tanker,Cargo,Non-fishing
636090534,Cargo/Tanker,Cargo,Non-fishing
636090559,Cargo/Tanker,Cargo,Non-fishing
636090621,Cargo/Tanker,Cargo,Non-fishing
636090737,Cargo/Tanker,Cargo,Non-fishing
636090752,Cargo/Tanker,Cargo,Non-fishing
636090807,Cargo/Tanker,Cargo,Non-fishing
636090958,Cargo/Tanker,Cargo,Non-fishing
636090978,Cargo/Tanker,Cargo,Non-fishing
636091030,Cargo/Tanker,Cargo,Non-fishing
636091052,Cargo/Tanker,Cargo,Non-fishing
636091083,Cargo/Tanker,Cargo,Non-fishing
636091115,Cargo/Tanker,Cargo,Non-fishing
636091133,Cargo/Tanker,Cargo,Non-fishing
636091136,Cargo/Tanker,Cargo,Non-fishing
636091171,Cargo/Tanker,Cargo,Non-fishing
636091194,Cargo/Tanker,Cargo,Non-fishing
636091210,Cargo/Tanker,Cargo,Non-fishing
636091270,Cargo/Tanker,Cargo,Non-fishing
636091316,Cargo/Tanker,Cargo,Non-fishing
636091317,Cargo/Tanker,Cargo,Non-fishing
636091421,Cargo/Tanker,Cargo,Non-fishing
636091713,Cargo/Tanker,Cargo,Non-fishing
636091746,Cargo/Tanker,Cargo,Non-fishing
636091854,Cargo/Tanker,Cargo,Non-fishing
636091855,Cargo/Tanker,Cargo,Non-fishing
636091895,Cargo/Tanker,Cargo,Non-fishing
636091997,Cargo/Tanker,Cargo,Non-fishing
636092197,Cargo/Tanker,Cargo,Non-fishing
636092237,Cargo/Tanker,Cargo,Non-fishing
636092412,Cargo/Tanker,Cargo,Non-fishing
636092489,Cargo/Tanker,Cargo,Non-fishing
671051000,Cargo/Tanker,Cargo,Non-fishing
701006225,Cargo/Tanker,Cargo,Non-fishing
701006226,Cargo/Tanker,Cargo,Non-fishing
701006227,Cargo/Tanker,Cargo,Non-fishing
701006228,Cargo/Tanker,Cargo,Non-fishing
701006229,Cargo/Tanker,Cargo,Non-fishing
701006230,Cargo/Tanker,Cargo,Non-fishing
701006239,Cargo/Tanker,Cargo,Non-fishing
701006240,Cargo/Tanker,Cargo,Non-fishing
701006243,Cargo/Tanker,Cargo,Non-fishing
701006331,Cargo/Tanker,Cargo,Non-fishing
701006430,Cargo/Tanker,Cargo,Non-fishing
725000625,Cargo/Tanker,Cargo,Non-fishing
725000909,Cargo/Tanker,Cargo,Non-fishing
725000938,Cargo/Tanker,Cargo,Non-fishing
725004220,Cargo/Tanker,Cargo,Non-fishing
725004230,Cargo/Tanker,Cargo,Non-fishing
725004350,Cargo/Tanker,Cargo,Non-fishing
725014800,Cargo/Tanker,Cargo,Non-fishing
725017200,Cargo/Tanker,Cargo,Non-fishing
770576010,Cargo/Tanker,Cargo,Non-fishing
24466031,Cargo/Tanker,Tanker,Non-fishing
205008600,Cargo/Tanker,Tanker,Non-fishing
205045800,Cargo/Tanker,Tanker,Non-fishing
205212390,Cargo/Tanker,Tanker,Non-fishing
205229090,Cargo/Tanker,Tanker,Non-fishing
205237290,Cargo/Tanker,Tanker,Non-fishing
205245890,Cargo/Tanker,Tanker,Non-fishing
205245990,Cargo/Tanker,Tanker,Non-fishing
205247090,Cargo/Tanker,Tanker,Non-fishing
205247700,Cargo/Tanker,Tanker,Non-fishing
205284990,Cargo/Tanker,Tanker,Non-fishing
205293390,Cargo/Tanker,Tanker,Non-fishing
205295690,Cargo/Tanker,Tanker,Non-fishing
205298990,Cargo/Tanker,Tanker,Non-fishing
205300690,Cargo/Tanker,Tanker,Non-fishing
205301290,Cargo/Tanker,Tanker,Non-fishing
205311190,Cargo/Tanker,Tanker,Non-fishing
205338490,Cargo/Tanker,Tanker,Non-fishing
205344390,Cargo/Tanker,Tanker,Non-fishing
205346790,Cargo/Tanker,Tanker,Non-fishing
205347300,Cargo/Tanker,Tanker,Non-fishing
205349890,Cargo/Tanker,Tanker,Non-fishing
205351390,Cargo/Tanker,Tanker,Non-fishing
205361390,Cargo/Tanker,Tanker,Non-fishing
205364790,Cargo/Tanker,Tanker,Non-fishing
205369090,Cargo/Tanker,Tanker,Non-fishing
205369390,Cargo/Tanker,Tanker,Non-fishing
205370590,Cargo/Tanker,Tanker,Non-fishing
205372190,Cargo/Tanker,Tanker,Non-fishing
205372490,Cargo/Tanker,Tanker,Non-fishing
205390790,Cargo/Tanker,Tanker,Non-fishing
205393190,Cargo/Tanker,Tanker,Non-fishing
205419690,Cargo/Tanker,Tanker,Non-fishing
205421290,Cargo/Tanker,Tanker,Non-fishing
205423290,Cargo/Tanker,Tanker,Non-fishing
205448890,Cargo/Tanker,Tanker,Non-fishing
205452690,Cargo/Tanker,Tanker,Non-fishing
205457590,Cargo/Tanker,Tanker,Non-fishing
205462000,Cargo/Tanker,Tanker,Non-fishing
205469190,Cargo/Tanker,Tanker,Non-fishing
205475290,Cargo/Tanker,Tanker,Non-fishing
205488290,Cargo/Tanker,Tanker,Non-fishing
205491290,Cargo/Tanker,Tanker,Non-fishing
205492690,Cargo/Tanker,Tanker,Non-fishing
205495690,Cargo/Tanker,Tanker,Non-fishing
205498490,Cargo/Tanker,Tanker,Non-fishing
205501290,Cargo/Tanker,Tanker,Non-fishing
205502390,Cargo/Tanker,Tanker,Non-fishing
205503990,Cargo/Tanker,Tanker,Non-fishing
205505590,Cargo/Tanker,Tanker,Non-fishing
205508590,Cargo/Tanker,Tanker,Non-fishing
205509290,Cargo/Tanker,Tanker,Non-fishing
205513890,Cargo/Tanker,Tanker,Non-fishing
205513990,Cargo/Tanker,Tanker,Non-fishing
205515190,Cargo/Tanker,Tanker,Non-fishing
207133000,Cargo/Tanker,Tanker,Non-fishing
210282000,Cargo/Tanker,Tanker,Non-fishing
210412000,Cargo/Tanker,Tanker,Non-fishing
210595000,Cargo/Tanker,Tanker,Non-fishing
210713000,Cargo/Tanker,Tanker,Non-fishing
211149890,Cargo/Tanker,Tanker,Non-fishing
211163700,Cargo/Tanker,Tanker,Non-fishing
211178650,Cargo/Tanker,Tanker,Non-fishing
211180740,Cargo/Tanker,Tanker,Non-fishing
211180750,Cargo/Tanker,Tanker,Non-fishing
211207760,Cargo/Tanker,Tanker,Non-fishing
211212630,Cargo/Tanker,Tanker,Non-fishing
211214670,Cargo/Tanker,Tanker,Non-fishing
211228200,Cargo/Tanker,Tanker,Non-fishing
211280810,Cargo/Tanker,Tanker,Non-fishing
211286380,Cargo/Tanker,Tanker,Non-fishing
211305290,Cargo/Tanker,Tanker,Non-fishing
211372620,Cargo/Tanker,Tanker,Non-fishing
211434550,Cargo/Tanker,Tanker,Non-fishing
211439370,Cargo/Tanker,Tanker,Non-fishing
211455300,Cargo/Tanker,Tanker,Non-fishing
211468560,Cargo/Tanker,Tanker,Non-fishing
211471880,Cargo/Tanker,Tanker,Non-fishing
211477410,Cargo/Tanker,Tanker,Non-fishing
211492530,Cargo/Tanker,Tanker,Non-fishing
211493410,Cargo/Tanker,Tanker,Non-fishing
211493420,Cargo/Tanker,Tanker,Non-fishing
211493450,Cargo/Tanker,Tanker,Non-fishing
211510910,Cargo/Tanker,Tanker,Non-fishing
211511750,Cargo/Tanker,Tanker,Non-fishing
211511770,Cargo/Tanker,Tanker,Non-fishing
211511920,Cargo/Tanker,Tanker,Non-fishing
211513250,Cargo/Tanker,Tanker,Non-fishing
211515210,Cargo/Tanker,Tanker,Non-fishing
211515230,Cargo/Tanker,Tanker,Non-fishing
211517060,Cargo/Tanker,Tanker,Non-fishing
211517600,Cargo/Tanker,Tanker,Non-fishing
211523910,Cargo/Tanker,Tanker,Non-fishing
211537960,Cargo/Tanker,Tanker,Non-fishing
211544210,Cargo/Tanker,Tanker,Non-fishing
211546580,Cargo/Tanker,Tanker,Non-fishing
211549530,Cargo/Tanker,Tanker,Non-fishing
211555730,Cargo/Tanker,Tanker,Non-fishing
211555980,Cargo/Tanker,Tanker,Non-fishing
211590050,Cargo/Tanker,Tanker,Non-fishing
211631000,Cargo/Tanker,Tanker,Non-fishing
211809000,Cargo/Tanker,Tanker,Non-fishing
212048000,Cargo/Tanker,Tanker,Non-fishing
212126000,Cargo/Tanker,Tanker,Non-fishing
212422000,Cargo/Tanker,Tanker,Non-fishing
212946000,Cargo/Tanker,Tanker,Non-fishing
212947000,Cargo/Tanker,Tanker,Non-fishing
215064000,Cargo/Tanker,Tanker,Non-fishing
215242000,Cargo/Tanker,Tanker,Non-fishing
215520000,Cargo/Tanker,Tanker,Non-fishing
215631000,Cargo/Tanker,Tanker,Non-fishing
215736000,Cargo/Tanker,Tanker,Non-fishing
215795000,Cargo/Tanker,Tanker,Non-fishing
215953000,Cargo/Tanker,Tanker,Non-fishing
215964000,Cargo/Tanker,Tanker,Non-fishing
218649000,Cargo/Tanker,Tanker,Non-fishing
218777000,Cargo/Tanker,Tanker,Non-fishing
219010252,Cargo/Tanker,Tanker,Non-fishing
219081000,Cargo/Tanker,Tanker,Non-fishing
219084000,Cargo/Tanker,Tanker,Non-fishing
219119000,Cargo/Tanker,Tanker,Non-fishing
219132000,Cargo/Tanker,Tanker,Non-fishing
219157000,Cargo/Tanker,Tanker,Non-fishing
219242000,Cargo/Tanker,Tanker,Non-fishing
219245000,Cargo/Tanker,Tanker,Non-fishing
219248000,Cargo/Tanker,Tanker,Non-fishing
219291000,Cargo/Tanker,Tanker,Non-fishing
219430000,Cargo/Tanker,Tanker,Non-fishing
219431000,Cargo/Tanker,Tanker,Non-fishing
219675000,Cargo/Tanker,Tanker,Non-fishing
220002000,Cargo/Tanker,Tanker,Non-fishing
220125000,Cargo/Tanker,Tanker,Non-fishing
220234000,Cargo/Tanker,Tanker,Non-fishing
220236000,Cargo/Tanker,Tanker,Non-fishing
220298000,Cargo/Tanker,Tanker,Non-fishing
220384000,Cargo/Tanker,Tanker,Non-fishing
220514000,Cargo/Tanker,Tanker,Non-fishing
220545000,Cargo/Tanker,Tanker,Non-fishing
220609000,Cargo/Tanker,Tanker,Non-fishing
220614000,Cargo/Tanker,Tanker,Non-fishing
224101930,Cargo/Tanker,Tanker,Non-fishing
224127820,Cargo/Tanker,Tanker,Non-fishing
224142890,Cargo/Tanker,Tanker,Non-fishing
224220360,Cargo/Tanker,Tanker,Non-fishing
224296000,Cargo/Tanker,Tanker,Non-fishing
224322240,Cargo/Tanker,Tanker,Non-fishing
224365000,Cargo/Tanker,Tanker,Non-fishing
224473460,Cargo/Tanker,Tanker,Non-fishing
224994000,Cargo/Tanker,Tanker,Non-fishing
225419000,Cargo/Tanker,Tanker,Non-fishing
226302000,Cargo/Tanker,Tanker,Non-fishing
228003800,Cargo/Tanker,Tanker,Non-fishing
228083000,Cargo/Tanker,Tanker,Non-fishing
228214900,Cargo/Tanker,Tanker,Non-fishing
228229600,Cargo/Tanker,Tanker,Non-fishing
228237800,Cargo/Tanker,Tanker,Non-fishing
228287600,Cargo/Tanker,Tanker,Non-fishing
228296700,Cargo/Tanker,Tanker,Non-fishing
228306800,Cargo/Tanker,Tanker,Non-fishing
228320600,Cargo/Tanker,Tanker,Non-fishing
228320900,Cargo/Tanker,Tanker,Non-fishing
228330700,Cargo/Tanker,Tanker,Non-fishing
229192000,Cargo/Tanker,Tanker,Non-fishing
230964000,Cargo/Tanker,Tanker,Non-fishing
230965000,Cargo/Tanker,Tanker,Non-fishing
232064000,Cargo/Tanker,Tanker,Non-fishing
234234000,Cargo/Tanker,Tanker,Non-fishing
235007413,Cargo/Tanker,Tanker,Non-fishing
235008440,Cargo/Tanker,Tanker,Non-fishing
235009020,Cargo/Tanker,Tanker,Non-fishing
235009956,Cargo/Tanker,Tanker,Non-fishing
235011280,Cargo/Tanker,Tanker,Non-fishing
235040503,Cargo/Tanker,Tanker,Non-fishing
235050032,Cargo/Tanker,Tanker,Non-fishing
235068202,Cargo/Tanker,Tanker,Non-fishing
235068963,Cargo/Tanker,Tanker,Non-fishing
235072088,Cargo/Tanker,Tanker,Non-fishing
235073614,Cargo/Tanker,Tanker,Non-fishing
235307000,Cargo/Tanker,Tanker,Non-fishing
236107000,Cargo/Tanker,Tanker,Non-fishing
236111476,Cargo/Tanker,Tanker,Non-fishing
236111477,Cargo/Tanker,Tanker,Non-fishing
236111757,Cargo/Tanker,Tanker,Non-fishing
236165000,Cargo/Tanker,Tanker,Non-fishing
236213000,Cargo/Tanker,Tanker,Non-fishing
236263000,Cargo/Tanker,Tanker,Non-fishing
236335000,Cargo/Tanker,Tanker,Non-fishing
236342000,Cargo/Tanker,Tanker,Non-fishing
236343000,Cargo/Tanker,Tanker,Non-fishing
236363000,Cargo/Tanker,Tanker,Non-fishing
236379000,Cargo/Tanker,Tanker,Non-fishing
236385000,Cargo/Tanker,Tanker,Non-fishing
236399000,Cargo/Tanker,Tanker,Non-fishing
236414000,Cargo/Tanker,Tanker,Non-fishing
236475000,Cargo/Tanker,Tanker,Non-fishing
236502000,Cargo/Tanker,Tanker,Non-fishing
236511000,Cargo/Tanker,Tanker,Non-fishing
236518000,Cargo/Tanker,Tanker,Non-fishing
236522000,Cargo/Tanker,Tanker,Non-fishing
236529000,Cargo/Tanker,Tanker,Non-fishing
237017200,Cargo/Tanker,Tanker,Non-fishing
237183800,Cargo/Tanker,Tanker,Non-fishing
237327000,Cargo/Tanker,Tanker,Non-fishing
239741000,Cargo/Tanker,Tanker,Non-fishing
239912000,Cargo/Tanker,Tanker,Non-fishing
240438000,Cargo/Tanker,Tanker,Non-fishing
240485000,Cargo/Tanker,Tanker,Non-fishing
240708000,Cargo/Tanker,Tanker,Non-fishing
240827000,Cargo/Tanker,Tanker,Non-fishing
240846000,Cargo/Tanker,Tanker,Non-fishing
240870000,Cargo/Tanker,Tanker,Non-fishing
240897000,Cargo/Tanker,Tanker,Non-fishing
240920000,Cargo/Tanker,Tanker,Non-fishing
240949000,Cargo/Tanker,Tanker,Non-fishing
241112000,Cargo/Tanker,Tanker,Non-fishing
244010030,Cargo/Tanker,Tanker,Non-fishing
244010042,Cargo/Tanker,Tanker,Non-fishing
244010330,Cargo/Tanker,Tanker,Non-fishing
244010352,Cargo/Tanker,Tanker,Non-fishing
244010675,Cargo/Tanker,Tanker,Non-fishing
244010716,Cargo/Tanker,Tanker,Non-fishing
244010774,Cargo/Tanker,Tanker,Non-fishing
244020037,Cargo/Tanker,Tanker,Non-fishing
244020144,Cargo/Tanker,Tanker,Non-fishing
244020362,Cargo/Tanker,Tanker,Non-fishing
244020419,Cargo/Tanker,Tanker,Non-fishing
244020449,Cargo/Tanker,Tanker,Non-fishing
244020463,Cargo/Tanker,Tanker,Non-fishing
244020488,Cargo/Tanker,Tanker,Non-fishing
244020589,Cargo/Tanker,Tanker,Non-fishing
244020684,Cargo/Tanker,Tanker,Non-fishing
244020757,Cargo/Tanker,Tanker,Non-fishing
244020773,Cargo/Tanker,Tanker,Non-fishing
244020876,Cargo/Tanker,Tanker,Non-fishing
244020943,Cargo/Tanker,Tanker,Non-fishing
244024000,Cargo/Tanker,Tanker,Non-fishing
244030715,Cargo/Tanker,Tanker,Non-fishing
244060858,Cargo/Tanker,Tanker,Non-fishing
244085000,Cargo/Tanker,Tanker,Non-fishing
244085775,Cargo/Tanker,Tanker,Non-fishing
244092000,Cargo/Tanker,Tanker,Non-fishing
244281000,Cargo/Tanker,Tanker,Non-fishing
244374000,Cargo/Tanker,Tanker,Non-fishing
244530000,Cargo/Tanker,Tanker,Non-fishing
244615886,Cargo/Tanker,Tanker,Non-fishing
244620087,Cargo/Tanker,Tanker,Non-fishing
244620567,Cargo/Tanker,Tanker,Non-fishing
244620628,Cargo/Tanker,Tanker,Non-fishing
244620841,Cargo/Tanker,Tanker,Non-fishing
244620875,Cargo/Tanker,Tanker,Non-fishing
244620876,Cargo/Tanker,Tanker,Non-fishing
244620933,Cargo/Tanker,Tanker,Non-fishing
244620934,Cargo/Tanker,Tanker,Non-fishing
244620954,Cargo/Tanker,Tanker,Non-fishing
244620961,Cargo/Tanker,Tanker,Non-fishing
244620990,Cargo/Tanker,Tanker,Non-fishing
244630007,Cargo/Tanker,Tanker,Non-fishing
244630019,Cargo/Tanker,Tanker,Non-fishing
244630022,Cargo/Tanker,Tanker,Non-fishing
244630024,Cargo/Tanker,Tanker,Non-fishing
244630026,Cargo/Tanker,Tanker,Non-fishing
244630027,Cargo/Tanker,Tanker,Non-fishing
244630028,Cargo/Tanker,Tanker,Non-fishing
244630033,Cargo/Tanker,Tanker,Non-fishing
244630043,Cargo/Tanker,Tanker,Non-fishing
244630100,Cargo/Tanker,Tanker,Non-fishing
244630141,Cargo/Tanker,Tanker,Non-fishing
244630353,Cargo/Tanker,Tanker,Non-fishing
244630393,Cargo/Tanker,Tanker,Non-fishing
244630427,Cargo/Tanker,Tanker,Non-fishing
244630605,Cargo/Tanker,Tanker,Non-fishing
244630651,Cargo/Tanker,Tanker,Non-fishing
244630720,Cargo/Tanker,Tanker,Non-fishing
244630797,Cargo/Tanker,Tanker,Non-fishing
244630814,Cargo/Tanker,Tanker,Non-fishing
244630816,Cargo/Tanker,Tanker,Non-fishing
244650102,Cargo/Tanker,Tanker,Non-fishing
244650324,Cargo/Tanker,Tanker,Non-fishing
244650475,Cargo/Tanker,Tanker,Non-fishing
244650537,Cargo/Tanker,Tanker,Non-fishing
244650571,Cargo/Tanker,Tanker,Non-fishing
244650593,Cargo/Tanker,Tanker,Non-fishing
244650611,Cargo/Tanker,Tanker,Non-fishing
244650690,Cargo/Tanker,Tanker,Non-fishing
244650746,Cargo/Tanker,Tanker,Non-fishing
244650753,Cargo/Tanker,Tanker,Non-fishing
244650794,Cargo/Tanker,Tanker,Non-fishing
244650824,Cargo/Tanker,Tanker,Non-fishing
244650836,Cargo/Tanker,Tanker,Non-fishing
244650838,Cargo/Tanker,Tanker,Non-fishing
244650842,Cargo/Tanker,Tanker,Non-fishing
244650880,Cargo/Tanker,Tanker,Non-fishing
244650997,Cargo/Tanker,Tanker,Non-fishing
244660011,Cargo/Tanker,Tanker,Non-fishing
244660018,Cargo/Tanker,Tanker,Non-fishing
244660054,Cargo/Tanker,Tanker,Non-fishing
244660057,Cargo/Tanker,Tanker,Non-fishing
244660086,Cargo/Tanker,Tanker,Non-fishing
244660111,Cargo/Tanker,Tanker,Non-fishing
244660114,Cargo/Tanker,Tanker,Non-fishing
244660117,Cargo/Tanker,Tanker,Non-fishing
244660158,Cargo/Tanker,Tanker,Non-fishing
244660240,Cargo/Tanker,Tanker,Non-fishing
244660252,Cargo/Tanker,Tanker,Non-fishing
244660255,Cargo/Tanker,Tanker,Non-fishing
244660266,Cargo/Tanker,Tanker,Non-fishing
244660328,Cargo/Tanker,Tanker,Non-fishing
244660356,Cargo/Tanker,Tanker,Non-fishing
244660377,Cargo/Tanker,Tanker,Non-fishing
244660393,Cargo/Tanker,Tanker,Non-fishing
244660401,Cargo/Tanker,Tanker,Non-fishing
244660412,Cargo/Tanker,Tanker,Non-fishing
244660416,Cargo/Tanker,Tanker,Non-fishing
244660419,Cargo/Tanker,Tanker,Non-fishing
244660475,Cargo/Tanker,Tanker,Non-fishing
244660476,Cargo/Tanker,Tanker,Non-fishing
244660482,Cargo/Tanker,Tanker,Non-fishing
244660483,Cargo/Tanker,Tanker,Non-fishing
244660518,Cargo/Tanker,Tanker,Non-fishing
244660564,Cargo/Tanker,Tanker,Non-fishing
244660565,Cargo/Tanker,Tanker,Non-fishing
244660576,Cargo/Tanker,Tanker,Non-fishing
244660577,Cargo/Tanker,Tanker,Non-fishing
244660582,Cargo/Tanker,Tanker,Non-fishing
244660598,Cargo/Tanker,Tanker,Non-fishing
244660621,Cargo/Tanker,Tanker,Non-fishing
244660622,Cargo/Tanker,Tanker,Non-fishing
244660627,Cargo/Tanker,Tanker,Non-fishing
244660629,Cargo/Tanker,Tanker,Non-fishing
244660639,Cargo/Tanker,Tanker,Non-fishing
244660648,Cargo/Tanker,Tanker,Non-fishing
244660649,Cargo/Tanker,Tanker,Non-fishing
244660653,Cargo/Tanker,Tanker,Non-fishing
244660655,Cargo/Tanker,Tanker,Non-fishing
244660656,Cargo/Tanker,Tanker,Non-fishing
244660657,Cargo/Tanker,Tanker,Non-fishing
244660675,Cargo/Tanker,Tanker,Non-fishing
244660703,Cargo/Tanker,Tanker,Non-fishing
244660713,Cargo/Tanker,Tanker,Non-fishing
244660720,Cargo/Tanker,Tanker,Non-fishing
244660745,Cargo/Tanker,Tanker,Non-fishing
244660811,Cargo/Tanker,Tanker,Non-fishing
244660815,Cargo/Tanker,Tanker,Non-fishing
244660825,Cargo/Tanker,Tanker,Non-fishing
244660834,Cargo/Tanker,Tanker,Non-fishing
244660841,Cargo/Tanker,Tanker,Non-fishing
244660862,Cargo/Tanker,Tanker,Non-fishing
244660878,Cargo/Tanker,Tanker,Non-fishing
244660896,Cargo/Tanker,Tanker,Non-fishing
244660908,Cargo/Tanker,Tanker,Non-fishing
244660967,Cargo/Tanker,Tanker,Non-fishing
244670002,Cargo/Tanker,Tanker,Non-fishing
244670040,Cargo/Tanker,Tanker,Non-fishing
244670068,Cargo/Tanker,Tanker,Non-fishing
244670077,Cargo/Tanker,Tanker,Non-fishing
244670079,Cargo/Tanker,Tanker,Non-fishing
244670096,Cargo/Tanker,Tanker,Non-fishing
244670098,Cargo/Tanker,Tanker,Non-fishing
244670100,Cargo/Tanker,Tanker,Non-fishing
244670103,Cargo/Tanker,Tanker,Non-fishing
244670108,Cargo/Tanker,Tanker,Non-fishing
244670109,Cargo/Tanker,Tanker,Non-fishing
244670119,Cargo/Tanker,Tanker,Non-fishing
244670122,Cargo/Tanker,Tanker,Non-fishing
244670152,Cargo/Tanker,Tanker,Non-fishing
244670155,Cargo/Tanker,Tanker,Non-fishing
244670171,Cargo/Tanker,Tanker,Non-fishing
244670175,Cargo/Tanker,Tanker,Non-fishing
244670209,Cargo/Tanker,Tanker,Non-fishing
244670244,Cargo/Tanker,Tanker,Non-fishing
244670267,Cargo/Tanker,Tanker,Non-fishing
244670277,Cargo/Tanker,Tanker,Non-fishing
244670290,Cargo/Tanker,Tanker,Non-fishing
244670312,Cargo/Tanker,Tanker,Non-fishing
244670357,Cargo/Tanker,Tanker,Non-fishing
244670391,Cargo/Tanker,Tanker,Non-fishing
244670404,Cargo/Tanker,Tanker,Non-fishing
244670406,Cargo/Tanker,Tanker,Non-fishing
244670433,Cargo/Tanker,Tanker,Non-fishing
244670444,Cargo/Tanker,Tanker,Non-fishing
244670460,Cargo/Tanker,Tanker,Non-fishing
244670466,Cargo/Tanker,Tanker,Non-fishing
244670563,Cargo/Tanker,Tanker,Non-fishing
244670564,Cargo/Tanker,Tanker,Non-fishing
244670588,Cargo/Tanker,Tanker,Non-fishing
244670638,Cargo/Tanker,Tanker,Non-fishing
244670658,Cargo/Tanker,Tanker,Non-fishing
244670697,Cargo/Tanker,Tanker,Non-fishing
244670725,Cargo/Tanker,Tanker,Non-fishing
244670734,Cargo/Tanker,Tanker,Non-fishing
244670768,Cargo/Tanker,Tanker,Non-fishing
244670789,Cargo/Tanker,Tanker,Non-fishing
244670797,Cargo/Tanker,Tanker,Non-fishing
244670819,Cargo/Tanker,Tanker,Non-fishing
244670838,Cargo/Tanker,Tanker,Non-fishing
244670865,Cargo/Tanker,Tanker,Non-fishing
244670973,Cargo/Tanker,Tanker,Non-fishing
244690155,Cargo/Tanker,Tanker,Non-fishing
244690223,Cargo/Tanker,Tanker,Non-fishing
244690316,Cargo/Tanker,Tanker,Non-fishing
244690328,Cargo/Tanker,Tanker,Non-fishing
244690330,Cargo/Tanker,Tanker,Non-fishing
244690355,Cargo/Tanker,Tanker,Non-fishing
244690375,Cargo/Tanker,Tanker,Non-fishing
244690468,Cargo/Tanker,Tanker,Non-fishing
244690475,Cargo/Tanker,Tanker,Non-fishing
244690482,Cargo/Tanker,Tanker,Non-fishing
244690485,Cargo/Tanker,Tanker,Non-fishing
244690525,Cargo/Tanker,Tanker,Non-fishing
244690563,Cargo/Tanker,Tanker,Non-fishing
244690695,Cargo/Tanker,Tanker,Non-fishing
244690823,Cargo/Tanker,Tanker,Non-fishing
244690843,Cargo/Tanker,Tanker,Non-fishing
244690847,Cargo/Tanker,Tanker,Non-fishing
244690859,Cargo/Tanker,Tanker,Non-fishing
244690863,Cargo/Tanker,Tanker,Non-fishing
244690991,Cargo/Tanker,Tanker,Non-fishing
244690994,Cargo/Tanker,Tanker,Non-fishing
244700100,Cargo/Tanker,Tanker,Non-fishing
244700131,Cargo/Tanker,Tanker,Non-fishing
244700196,Cargo/Tanker,Tanker,Non-fishing
244700198,Cargo/Tanker,Tanker,Non-fishing
244700201,Cargo/Tanker,Tanker,Non-fishing
244700202,Cargo/Tanker,Tanker,Non-fishing
244700207,Cargo/Tanker,Tanker,Non-fishing
244700236,Cargo/Tanker,Tanker,Non-fishing
244700253,Cargo/Tanker,Tanker,Non-fishing
244700326,Cargo/Tanker,Tanker,Non-fishing
244700378,Cargo/Tanker,Tanker,Non-fishing
244700379,Cargo/Tanker,Tanker,Non-fishing
244700498,Cargo/Tanker,Tanker,Non-fishing
244700621,Cargo/Tanker,Tanker,Non-fishing
244700688,Cargo/Tanker,Tanker,Non-fishing
244700714,Cargo/Tanker,Tanker,Non-fishing
244700763,Cargo/Tanker,Tanker,Non-fishing
244700786,Cargo/Tanker,Tanker,Non-fishing
244700820,Cargo/Tanker,Tanker,Non-fishing
244700828,Cargo/Tanker,Tanker,Non-fishing
244700853,Cargo/Tanker,Tanker,Non-fishing
244700884,Cargo/Tanker,Tanker,Non-fishing
244700991,Cargo/Tanker,Tanker,Non-fishing
244710043,Cargo/Tanker,Tanker,Non-fishing
244710116,Cargo/Tanker,Tanker,Non-fishing
244710157,Cargo/Tanker,Tanker,Non-fishing
244710207,Cargo/Tanker,Tanker,Non-fishing
244710352,Cargo/Tanker,Tanker,Non-fishing
244710367,Cargo/Tanker,Tanker,Non-fishing
244710549,Cargo/Tanker,Tanker,Non-fishing
244710652,Cargo/Tanker,Tanker,Non-fishing
244710659,Cargo/Tanker,Tanker,Non-fishing
244710710,Cargo/Tanker,Tanker,Non-fishing
244710736,Cargo/Tanker,Tanker,Non-fishing
244710868,Cargo/Tanker,Tanker,Non-fishing
244710870,Cargo/Tanker,Tanker,Non-fishing
244710871,Cargo/Tanker,Tanker,Non-fishing
244710874,Cargo/Tanker,Tanker,Non-fishing
244710876,Cargo/Tanker,Tanker,Non-fishing
244710879,Cargo/Tanker,Tanker,Non-fishing
244710903,Cargo/Tanker,Tanker,Non-fishing
244730016,Cargo/Tanker,Tanker,Non-fishing
244730020,Cargo/Tanker,Tanker,Non-fishing
244730066,Cargo/Tanker,Tanker,Non-fishing
244730148,Cargo/Tanker,Tanker,Non-fishing
244730209,Cargo/Tanker,Tanker,Non-fishing
244730210,Cargo/Tanker,Tanker,Non-fishing
244730279,Cargo/Tanker,Tanker,Non-fishing
244730368,Cargo/Tanker,Tanker,Non-fishing
244730485,Cargo/Tanker,Tanker,Non-fishing
244730603,Cargo/Tanker,Tanker,Non-fishing
244740052,Cargo/Tanker,Tanker,Non-fishing
244740096,Cargo/Tanker,Tanker,Non-fishing
244740404,Cargo/Tanker,Tanker,Non-fishing
244740488,Cargo/Tanker,Tanker,Non-fishing
244740681,Cargo/Tanker,Tanker,Non-fishing
244740687,Cargo/Tanker,Tanker,Non-fishing
244740763,Cargo/Tanker,Tanker,Non-fishing
244740787,Cargo/Tanker,Tanker,Non-fishing
244750008,Cargo/Tanker,Tanker,Non-fishing
244750306,Cargo/Tanker,Tanker,Non-fishing
244750309,Cargo/Tanker,Tanker,Non-fishing
244750350,Cargo/Tanker,Tanker,Non-fishing
244750356,Cargo/Tanker,Tanker,Non-fishing
244750641,Cargo/Tanker,Tanker,Non-fishing
244750922,Cargo/Tanker,Tanker,Non-fishing
244750961,Cargo/Tanker,Tanker,Non-fishing
244750986,Cargo/Tanker,Tanker,Non-fishing
244770838,Cargo/Tanker,Tanker,Non-fishing
244961000,Cargo/Tanker,Tanker,Non-fishing
245010000,Cargo/Tanker,Tanker,Non-fishing
245073000,Cargo/Tanker,Tanker,Non-fishing
245405000,Cargo/Tanker,Tanker,Non-fishing
245689000,Cargo/Tanker,Tanker,Non-fishing
246271000,Cargo/Tanker,Tanker,Non-fishing
246346000,Cargo/Tanker,Tanker,Non-fishing
246392000,Cargo/Tanker,Tanker,Non-fishing
246414000,Cargo/Tanker,Tanker,Non-fishing
246419000,Cargo/Tanker,Tanker,Non-fishing
246436000,Cargo/Tanker,Tanker,Non-fishing
246545000,Cargo/Tanker,Tanker,Non-fishing
246725000,Cargo/Tanker,Tanker,Non-fishing
247002000,Cargo/Tanker,Tanker,Non-fishing
247003000,Cargo/Tanker,Tanker,Non-fishing
247005000,Cargo/Tanker,Tanker,Non-fishing
247006000,Cargo/Tanker,Tanker,Non-fishing
247007000,Cargo/Tanker,Tanker,Non-fishing
247077500,Cargo/Tanker,Tanker,Non-fishing
247118900,Cargo/Tanker,Tanker,Non-fishing
247157300,Cargo/Tanker,Tanker,Non-fishing
247164900,Cargo/Tanker,Tanker,Non-fishing
247270900,Cargo/Tanker,Tanker,Non-fishing
247272700,Cargo/Tanker,Tanker,Non-fishing
247284200,Cargo/Tanker,Tanker,Non-fishing
247287200,Cargo/Tanker,Tanker,Non-fishing
248043000,Cargo/Tanker,Tanker,Non-fishing
248127000,Cargo/Tanker,Tanker,Non-fishing
248791000,Cargo/Tanker,Tanker,Non-fishing
249049000,Cargo/Tanker,Tanker,Non-fishing
249193000,Cargo/Tanker,Tanker,Non-fishing
249425000,Cargo/Tanker,Tanker,Non-fishing
249465000,Cargo/Tanker,Tanker,Non-fishing
249546000,Cargo/Tanker,Tanker,Non-fishing
249598000,Cargo/Tanker,Tanker,Non-fishing
249677000,Cargo/Tanker,Tanker,Non-fishing
249803000,Cargo/Tanker,Tanker,Non-fishing
249812000,Cargo/Tanker,Tanker,Non-fishing
249929000,Cargo/Tanker,Tanker,Non-fishing
253242210,Cargo/Tanker,Tanker,Non-fishing
253242232,Cargo/Tanker,Tanker,Non-fishing
253242276,Cargo/Tanker,Tanker,Non-fishing
253242302,Cargo/Tanker,Tanker,Non-fishing
253377000,Cargo/Tanker,Tanker,Non-fishing
253437000,Cargo/Tanker,Tanker,Non-fishing
255714000,Cargo/Tanker,Tanker,Non-fishing
255801670,Cargo/Tanker,Tanker,Non-fishing
255803990,Cargo/Tanker,Tanker,Non-fishing
255817000,Cargo/Tanker,Tanker,Non-fishing
256175000,Cargo/Tanker,Tanker,Non-fishing
256281000,Cargo/Tanker,Tanker,Non-fishing
256462000,Cargo/Tanker,Tanker,Non-fishing
256495000,Cargo/Tanker,Tanker,Non-fishing
256590000,Cargo/Tanker,Tanker,Non-fishing
256765000,Cargo/Tanker,Tanker,Non-fishing
256775000,Cargo/Tanker,Tanker,Non-fishing
256787000,Cargo/Tanker,Tanker,Non-fishing
256788000,Cargo/Tanker,Tanker,Non-fishing
256798000,Cargo/Tanker,Tanker,Non-fishing
256815000,Cargo/Tanker,Tanker,Non-fishing
256887000,Cargo/Tanker,Tanker,Non-fishing
257063600,Cargo/Tanker,Tanker,Non-fishing
257426000,Cargo/Tanker,Tanker,Non-fishing
257433000,Cargo/Tanker,Tanker,Non-fishing
257942000,Cargo/Tanker,Tanker,Non-fishing
257983000,Cargo/Tanker,Tanker,Non-fishing
258090000,Cargo/Tanker,Tanker,Non-fishing
258715000,Cargo/Tanker,Tanker,Non-fishing
259737000,Cargo/Tanker,Tanker,Non-fishing
259759000,Cargo/Tanker,Tanker,Non-fishing
259948000,Cargo/Tanker,Tanker,Non-fishing
261000270,Cargo/Tanker,Tanker,Non-fishing
261000560,Cargo/Tanker,Tanker,Non-fishing
261198000,Cargo/Tanker,Tanker,Non-fishing
263702340,Cargo/Tanker,Tanker,Non-fishing
265217000,Cargo/Tanker,Tanker,Non-fishing
265504570,Cargo/Tanker,Tanker,Non-fishing
265550210,Cargo/Tanker,Tanker,Non-fishing
265581970,Cargo/Tanker,Tanker,Non-fishing
265610040,Cargo/Tanker,Tanker,Non-fishing
265612300,Cargo/Tanker,Tanker,Non-fishing
265882000,Cargo/Tanker,Tanker,Non-fishing
266203000,Cargo/Tanker,Tanker,Non-fishing
266212000,Cargo/Tanker,Tanker,Non-fishing
266225000,Cargo/Tanker,Tanker,Non-fishing
266281000,Cargo/Tanker,Tanker,Non-fishing
266310000,Cargo/Tanker,Tanker,Non-fishing
266321000,Cargo/Tanker,Tanker,Non-fishing
269056415,Cargo/Tanker,Tanker,Non-fishing
269056766,Cargo/Tanker,Tanker,Non-fishing
269056957,Cargo/Tanker,Tanker,Non-fishing
269057072,Cargo/Tanker,Tanker,Non-fishing
269057123,Cargo/Tanker,Tanker,Non-fishing
269057129,Cargo/Tanker,Tanker,Non-fishing
269057132,Cargo/Tanker,Tanker,Non-fishing
269057172,Cargo/Tanker,Tanker,Non-fishing
269057207,Cargo/Tanker,Tanker,Non-fishing
269057208,Cargo/Tanker,Tanker,Non-fishing
269057227,Cargo/Tanker,Tanker,Non-fishing
269057234,Cargo/Tanker,Tanker,Non-fishing
269057259,Cargo/Tanker,Tanker,Non-fishing
269057261,Cargo/Tanker,Tanker,Non-fishing
269057316,Cargo/Tanker,Tanker,Non-fishing
269057360,Cargo/Tanker,Tanker,Non-fishing
269057368,Cargo/Tanker,Tanker,Non-fishing
269057378,Cargo/Tanker,Tanker,Non-fishing
271042475,Cargo/Tanker,Tanker,Non-fishing
273311340,Cargo/Tanker,Tanker,Non-fishing
273318420,Cargo/Tanker,Tanker,Non-fishing
273331620,Cargo/Tanker,Tanker,Non-fishing
273335320,Cargo/Tanker,Tanker,Non-fishing
273349020,Cargo/Tanker,Tanker,Non-fishing
273350220,Cargo/Tanker,Tanker,Non-fishing
273351850,Cargo/Tanker,Tanker,Non-fishing
273351970,Cargo/Tanker,Tanker,Non-fishing
273354700,Cargo/Tanker,Tanker,Non-fishing
273355640,Cargo/Tanker,Tanker,Non-fishing
273356220,Cargo/Tanker,Tanker,Non-fishing
273358610,Cargo/Tanker,Tanker,Non-fishing
273359960,Cargo/Tanker,Tanker,Non-fishing
273421260,Cargo/Tanker,Tanker,Non-fishing
273426540,Cargo/Tanker,Tanker,Non-fishing
273432870,Cargo/Tanker,Tanker,Non-fishing
273441620,Cargo/Tanker,Tanker,Non-fishing
273453660,Cargo/Tanker,Tanker,Non-fishing
273458950,Cargo/Tanker,Tanker,Non-fishing
275357000,Cargo/Tanker,Tanker,Non-fishing
276260000,Cargo/Tanker,Tanker,Non-fishing
276297000,Cargo/Tanker,Tanker,Non-fishing
276462000,Cargo/Tanker,Tanker,Non-fishing
276691000,Cargo/Tanker,Tanker,Non-fishing
303294000,Cargo/Tanker,Tanker,Non-fishing
303656000,Cargo/Tanker,Tanker,Non-fishing
304050864,Cargo/Tanker,Tanker,Non-fishing
304050982,Cargo/Tanker,Tanker,Non-fishing
304070935,Cargo/Tanker,Tanker,Non-fishing
304070991,Cargo/Tanker,Tanker,Non-fishing
308262000,Cargo/Tanker,Tanker,Non-fishing
308483000,Cargo/Tanker,Tanker,Non-fishing
308927000,Cargo/Tanker,Tanker,Non-fishing
309225000,Cargo/Tanker,Tanker,Non-fishing
309438000,Cargo/Tanker,Tanker,Non-fishing
309564000,Cargo/Tanker,Tanker,Non-fishing
310486000,Cargo/Tanker,Tanker,Non-fishing
311017100,Cargo/Tanker,Tanker,Non-fishing
311021600,Cargo/Tanker,Tanker,Non-fishing
311044900,Cargo/Tanker,Tanker,Non-fishing
311168000,Cargo/Tanker,Tanker,Non-fishing
311261000,Cargo/Tanker,Tanker,Non-fishing
311601000,Cargo/Tanker,Tanker,Non-fishing
311799000,Cargo/Tanker,Tanker,Non-fishing
311821000,Cargo/Tanker,Tanker,Non-fishing
312784000,Cargo/Tanker,Tanker,Non-fishing
316002106,Cargo/Tanker,Tanker,Non-fishing
316013960,Cargo/Tanker,Tanker,Non-fishing
319027200,Cargo/Tanker,Tanker,Non-fishing
319036000,Cargo/Tanker,Tanker,Non-fishing
319206000,Cargo/Tanker,Tanker,Non-fishing
319252000,Cargo/Tanker,Tanker,Non-fishing
319479000,Cargo/Tanker,Tanker,Non-fishing
351062000,Cargo/Tanker,Tanker,Non-fishing
351710000,Cargo/Tanker,Tanker,Non-fishing
352984000,Cargo/Tanker,Tanker,Non-fishing
353973000,Cargo/Tanker,Tanker,Non-fishing
354252000,Cargo/Tanker,Tanker,Non-fishing
354511000,Cargo/Tanker,Tanker,Non-fishing
356182000,Cargo/Tanker,Tanker,Non-fishing
356193000,Cargo/Tanker,Tanker,Non-fishing
356369000,Cargo/Tanker,Tanker,Non-fishing
356952000,Cargo/Tanker,Tanker,Non-fishing
357586000,Cargo/Tanker,Tanker,Non-fishing
366539000,Cargo/Tanker,Tanker,Non-fishing
366948190,Cargo/Tanker,Tanker,Non-fishing
366962000,Cargo/Tanker,Tanker,Non-fishing
367134000,Cargo/Tanker,Tanker,Non-fishing
367353660,Cargo/Tanker,Tanker,Non-fishing
367457000,Cargo/Tanker,Tanker,Non-fishing
367688000,Cargo/Tanker,Tanker,Non-fishing
368295000,Cargo/Tanker,Tanker,Non-fishing
370122000,Cargo/Tanker,Tanker,Non-fishing
370337000,Cargo/Tanker,Tanker,Non-fishing
370920000,Cargo/Tanker,Tanker,Non-fishing
371008000,Cargo/Tanker,Tanker,Non-fishing
371118000,Cargo/Tanker,Tanker,Non-fishing
371777000,Cargo/Tanker,Tanker,Non-fishing
372219000,Cargo/Tanker,Tanker,Non-fishing
373130000,Cargo/Tanker,Tanker,Non-fishing
373194000,Cargo/Tanker,Tanker,Non-fishing
373330000,Cargo/Tanker,Tanker,Non-fishing
412018340,Cargo/Tanker,Tanker,Non-fishing
412018370,Cargo/Tanker,Tanker,Non-fishing
412018410,Cargo/Tanker,Tanker,Non-fishing
412022010,Cargo/Tanker,Tanker,Non-fishing
412024540,Cargo/Tanker,Tanker,Non-fishing
412031010,Cargo/Tanker,Tanker,Non-fishing
412047120,Cargo/Tanker,Tanker,Non-fishing
412047130,Cargo/Tanker,Tanker,Non-fishing
412206850,Cargo/Tanker,Tanker,Non-fishing
412301050,Cargo/Tanker,Tanker,Non-fishing
412372120,Cargo/Tanker,Tanker,Non-fishing
412375450,Cargo/Tanker,Tanker,Non-fishing
412375670,Cargo/Tanker,Tanker,Non-fishing
412377230,Cargo/Tanker,Tanker,Non-fishing
412378760,Cargo/Tanker,Tanker,Non-fishing
412378770,Cargo/Tanker,Tanker,Non-fishing
412378910,Cargo/Tanker,Tanker,Non-fishing
412379060,Cargo/Tanker,Tanker,Non-fishing
412379240,Cargo/Tanker,Tanker,Non-fishing
412379350,Cargo/Tanker,Tanker,Non-fishing
412379360,Cargo/Tanker,Tanker,Non-fishing
412379510,Cargo/Tanker,Tanker,Non-fishing
412380130,Cargo/Tanker,Tanker,Non-fishing
412421140,Cargo/Tanker,Tanker,Non-fishing
412431810,Cargo/Tanker,Tanker,Non-fishing
412436820,Cargo/Tanker,Tanker,Non-fishing
412436920,Cargo/Tanker,Tanker,Non-fishing
412437490,Cargo/Tanker,Tanker,Non-fishing
412437560,Cargo/Tanker,Tanker,Non-fishing
412462020,Cargo/Tanker,Tanker,Non-fishing
412523460,Cargo/Tanker,Tanker,Non-fishing
412650000,Cargo/Tanker,Tanker,Non-fishing
412661000,Cargo/Tanker,Tanker,Non-fishing
412665000,Cargo/Tanker,Tanker,Non-fishing
412703850,Cargo/Tanker,Tanker,Non-fishing
412760920,Cargo/Tanker,Tanker,Non-fishing
412763640,Cargo/Tanker,Tanker,Non-fishing
412763980,Cargo/Tanker,Tanker,Non-fishing
412763990,Cargo/Tanker,Tanker,Non-fishing
412764280,Cargo/Tanker,Tanker,Non-fishing
412764840,Cargo/Tanker,Tanker,Non-fishing
413018050,Cargo/Tanker,Tanker,Non-fishing
413050510,Cargo/Tanker,Tanker,Non-fishing
413118000,Cargo/Tanker,Tanker,Non-fishing
413119209,Cargo/Tanker,Tanker,Non-fishing
413137000,Cargo/Tanker,Tanker,Non-fishing
413255000,Cargo/Tanker,Tanker,Non-fishing
413256000,Cargo/Tanker,Tanker,Non-fishing
413271750,Cargo/Tanker,Tanker,Non-fishing
413302350,Cargo/Tanker,Tanker,Non-fishing
413302360,Cargo/Tanker,Tanker,Non-fishing
413302410,Cargo/Tanker,Tanker,Non-fishing
413325410,Cargo/Tanker,Tanker,Non-fishing
413326680,Cargo/Tanker,Tanker,Non-fishing
413328040,Cargo/Tanker,Tanker,Non-fishing
413350710,Cargo/Tanker,Tanker,Non-fishing
413358210,Cargo/Tanker,Tanker,Non-fishing
413358220,Cargo/Tanker,Tanker,Non-fishing
413360780,Cargo/Tanker,Tanker,Non-fishing
413370640,Cargo/Tanker,Tanker,Non-fishing
413370860,Cargo/Tanker,Tanker,Non-fishing
413371120,Cargo/Tanker,Tanker,Non-fishing
413372330,Cargo/Tanker,Tanker,Non-fishing
413372720,Cargo/Tanker,Tanker,Non-fishing
413373420,Cargo/Tanker,Tanker,Non-fishing
413375960,Cargo/Tanker,Tanker,Non-fishing
413377130,Cargo/Tanker,Tanker,Non-fishing
413377330,Cargo/Tanker,Tanker,Non-fishing
413377340,Cargo/Tanker,Tanker,Non-fishing
413377380,Cargo/Tanker,Tanker,Non-fishing
413400630,Cargo/Tanker,Tanker,Non-fishing
413401070,Cargo/Tanker,Tanker,Non-fishing
413402370,Cargo/Tanker,Tanker,Non-fishing
413402460,Cargo/Tanker,Tanker,Non-fishing
413403210,Cargo/Tanker,Tanker,Non-fishing
413405390,Cargo/Tanker,Tanker,Non-fishing
413405870,Cargo/Tanker,Tanker,Non-fishing
413410960,Cargo/Tanker,Tanker,Non-fishing
413413010,Cargo/Tanker,Tanker,Non-fishing
413420690,Cargo/Tanker,Tanker,Non-fishing
413430950,Cargo/Tanker,Tanker,Non-fishing
413432240,Cargo/Tanker,Tanker,Non-fishing
413436190,Cargo/Tanker,Tanker,Non-fishing
413436660,Cargo/Tanker,Tanker,Non-fishing
413438570,Cargo/Tanker,Tanker,Non-fishing
413439550,Cargo/Tanker,Tanker,Non-fishing
413439910,Cargo/Tanker,Tanker,Non-fishing
413440240,Cargo/Tanker,Tanker,Non-fishing
413441610,Cargo/Tanker,Tanker,Non-fishing
413443460,Cargo/Tanker,Tanker,Non-fishing
413443590,Cargo/Tanker,Tanker,Non-fishing
413444750,Cargo/Tanker,Tanker,Non-fishing
413445010,Cargo/Tanker,Tanker,Non-fishing
413445350,Cargo/Tanker,Tanker,Non-fishing
413445470,Cargo/Tanker,Tanker,Non-fishing
413445880,Cargo/Tanker,Tanker,Non-fishing
413446080,Cargo/Tanker,Tanker,Non-fishing
413446720,Cargo/Tanker,Tanker,Non-fishing
413447410,Cargo/Tanker,Tanker,Non-fishing
413461610,Cargo/Tanker,Tanker,Non-fishing
413471520,Cargo/Tanker,Tanker,Non-fishing
413471670,Cargo/Tanker,Tanker,Non-fishing
413521690,Cargo/Tanker,Tanker,Non-fishing
413651000,Cargo/Tanker,Tanker,Non-fishing
413693760,Cargo/Tanker,Tanker,Non-fishing
413695940,Cargo/Tanker,Tanker,Non-fishing
413696440,Cargo/Tanker,Tanker,Non-fishing
413696810,Cargo/Tanker,Tanker,Non-fishing
413697180,Cargo/Tanker,Tanker,Non-fishing
413697190,Cargo/Tanker,Tanker,Non-fishing
413697670,Cargo/Tanker,Tanker,Non-fishing
413762737,Cargo/Tanker,Tanker,Non-fishing
413768684,Cargo/Tanker,Tanker,Non-fishing
413770153,Cargo/Tanker,Tanker,Non-fishing
413772091,Cargo/Tanker,Tanker,Non-fishing
413772994,Cargo/Tanker,Tanker,Non-fishing
413773693,Cargo/Tanker,Tanker,Non-fishing
413774502,Cargo/Tanker,Tanker,Non-fishing
413781898,Cargo/Tanker,Tanker,Non-fishing
413788091,Cargo/Tanker,Tanker,Non-fishing
413788155,Cargo/Tanker,Tanker,Non-fishing
413790605,Cargo/Tanker,Tanker,Non-fishing
413790606,Cargo/Tanker,Tanker,Non-fishing
413790608,Cargo/Tanker,Tanker,Non-fishing
413800626,Cargo/Tanker,Tanker,Non-fishing
413801994,Cargo/Tanker,Tanker,Non-fishing
413812401,Cargo/Tanker,Tanker,Non-fishing
413812753,Cargo/Tanker,Tanker,Non-fishing
413853554,Cargo/Tanker,Tanker,Non-fishing
413900506,Cargo/Tanker,Tanker,Non-fishing
413901483,Cargo/Tanker,Tanker,Non-fishing
413903511,Cargo/Tanker,Tanker,Non-fishing
413940217,Cargo/Tanker,Tanker,Non-fishing
413960001,Cargo/Tanker,Tanker,Non-fishing
413960939,Cargo/Tanker,Tanker,Non-fishing
413961146,Cargo/Tanker,Tanker,Non-fishing
413962205,Cargo/Tanker,Tanker,Non-fishing
413985746,Cargo/Tanker,Tanker,Non-fishing
413993994,Cargo/Tanker,Tanker,Non-fishing
413998990,Cargo/Tanker,Tanker,Non-fishing
416003449,Cargo/Tanker,Tanker,Non-fishing
416179800,Cargo/Tanker,Tanker,Non-fishing
416382000,Cargo/Tanker,Tanker,Non-fishing
416449000,Cargo/Tanker,Tanker,Non-fishing
428016000,Cargo/Tanker,Tanker,Non-fishing
428019000,Cargo/Tanker,Tanker,Non-fishing
431000147,Cargo/Tanker,Tanker,Non-fishing
431000156,Cargo/Tanker,Tanker,Non-fishing
431000175,Cargo/Tanker,Tanker,Non-fishing
431000214,Cargo/Tanker,Tanker,Non-fishing
431000224,Cargo/Tanker,Tanker,Non-fishing
431000236,Cargo/Tanker,Tanker,Non-fishing
431000243,Cargo/Tanker,Tanker,Non-fishing
431000253,Cargo/Tanker,Tanker,Non-fishing
431000275,Cargo/Tanker,Tanker,Non-fishing
431000299,Cargo/Tanker,Tanker,Non-fishing
431000301,Cargo/Tanker,Tanker,Non-fishing
431000304,Cargo/Tanker,Tanker,Non-fishing
431000332,Cargo/Tanker,Tanker,Non-fishing
431000336,Cargo/Tanker,Tanker,Non-fishing
431000338,Cargo/Tanker,Tanker,Non-fishing
431000359,Cargo/Tanker,Tanker,Non-fishing
431000384,Cargo/Tanker,Tanker,Non-fishing
431000495,Cargo/Tanker,Tanker,Non-fishing
431000498,Cargo/Tanker,Tanker,Non-fishing
431000508,Cargo/Tanker,Tanker,Non-fishing
431000528,Cargo/Tanker,Tanker,Non-fishing
431000529,Cargo/Tanker,Tanker,Non-fishing
431000567,Cargo/Tanker,Tanker,Non-fishing
431000568,Cargo/Tanker,Tanker,Non-fishing
431000594,Cargo/Tanker,Tanker,Non-fishing
431000622,Cargo/Tanker,Tanker,Non-fishing
431000628,Cargo/Tanker,Tanker,Non-fishing
431000639,Cargo/Tanker,Tanker,Non-fishing
431000654,Cargo/Tanker,Tanker,Non-fishing
431000661,Cargo/Tanker,Tanker,Non-fishing
431000670,Cargo/Tanker,Tanker,Non-fishing
431000678,Cargo/Tanker,Tanker,Non-fishing
431000689,Cargo/Tanker,Tanker,Non-fishing
431000692,Cargo/Tanker,Tanker,Non-fishing
431000693,Cargo/Tanker,Tanker,Non-fishing
431000774,Cargo/Tanker,Tanker,Non-fishing
431000778,Cargo/Tanker,Tanker,Non-fishing
431000783,Cargo/Tanker,Tanker,Non-fishing
431000792,Cargo/Tanker,Tanker,Non-fishing
431000826,Cargo/Tanker,Tanker,Non-fishing
431000828,Cargo/Tanker,Tanker,Non-fishing
431000864,Cargo/Tanker,Tanker,Non-fishing
431000875,Cargo/Tanker,Tanker,Non-fishing
431000903,Cargo/Tanker,Tanker,Non-fishing
431000912,Cargo/Tanker,Tanker,Non-fishing
431000926,Cargo/Tanker,Tanker,Non-fishing
431000932,Cargo/Tanker,Tanker,Non-fishing
431000943,Cargo/Tanker,Tanker,Non-fishing
431000951,Cargo/Tanker,Tanker,Non-fishing
431000963,Cargo/Tanker,Tanker,Non-fishing
431000968,Cargo/Tanker,Tanker,Non-fishing
431000984,Cargo/Tanker,Tanker,Non-fishing
431000985,Cargo/Tanker,Tanker,Non-fishing
431000991,Cargo/Tanker,Tanker,Non-fishing
431001002,Cargo/Tanker,Tanker,Non-fishing
431001006,Cargo/Tanker,Tanker,Non-fishing
431001045,Cargo/Tanker,Tanker,Non-fishing
431001046,Cargo/Tanker,Tanker,Non-fishing
431001052,Cargo/Tanker,Tanker,Non-fishing
431001061,Cargo/Tanker,Tanker,Non-fishing
431001062,Cargo/Tanker,Tanker,Non-fishing
431001071,Cargo/Tanker,Tanker,Non-fishing
431001082,Cargo/Tanker,Tanker,Non-fishing
431001111,Cargo/Tanker,Tanker,Non-fishing
431001112,Cargo/Tanker,Tanker,Non-fishing
431001117,Cargo/Tanker,Tanker,Non-fishing
431001151,Cargo/Tanker,Tanker,Non-fishing
431001206,Cargo/Tanker,Tanker,Non-fishing
431001216,Cargo/Tanker,Tanker,Non-fishing
431001342,Cargo/Tanker,Tanker,Non-fishing
431001343,Cargo/Tanker,Tanker,Non-fishing
431001374,Cargo/Tanker,Tanker,Non-fishing
431001387,Cargo/Tanker,Tanker,Non-fishing
431001401,Cargo/Tanker,Tanker,Non-fishing
431001427,Cargo/Tanker,Tanker,Non-fishing
431001757,Cargo/Tanker,Tanker,Non-fishing
431001837,Cargo/Tanker,Tanker,Non-fishing
431001998,Cargo/Tanker,Tanker,Non-fishing
431002005,Cargo/Tanker,Tanker,Non-fishing
431002092,Cargo/Tanker,Tanker,Non-fishing
431002261,Cargo/Tanker,Tanker,Non-fishing
431002386,Cargo/Tanker,Tanker,Non-fishing
431002508,Cargo/Tanker,Tanker,Non-fishing
431002547,Cargo/Tanker,Tanker,Non-fishing
431002586,Cargo/Tanker,Tanker,Non-fishing
431002607,Cargo/Tanker,Tanker,Non-fishing
431002774,Cargo/Tanker,Tanker,Non-fishing
431002799,Cargo/Tanker,Tanker,Non-fishing
431003024,Cargo/Tanker,Tanker,Non-fishing
431003072,Cargo/Tanker,Tanker,Non-fishing
431003089,Cargo/Tanker,Tanker,Non-fishing
431003171,Cargo/Tanker,Tanker,Non-fishing
431003174,Cargo/Tanker,Tanker,Non-fishing
431003181,Cargo/Tanker,Tanker,Non-fishing
431003203,Cargo/Tanker,Tanker,Non-fishing
431003205,Cargo/Tanker,Tanker,Non-fishing
431003277,Cargo/Tanker,Tanker,Non-fishing
431003364,Cargo/Tanker,Tanker,Non-fishing
431003365,Cargo/Tanker,Tanker,Non-fishing
431003382,Cargo/Tanker,Tanker,Non-fishing
431003404,Cargo/Tanker,Tanker,Non-fishing
431003435,Cargo/Tanker,Tanker,Non-fishing
431003469,Cargo/Tanker,Tanker,Non-fishing
431003497,Cargo/Tanker,Tanker,Non-fishing
431003521,Cargo/Tanker,Tanker,Non-fishing
431003537,Cargo/Tanker,Tanker,Non-fishing
431003616,Cargo/Tanker,Tanker,Non-fishing
431003651,Cargo/Tanker,Tanker,Non-fishing
431003715,Cargo/Tanker,Tanker,Non-fishing
431003736,Cargo/Tanker,Tanker,Non-fishing
431003751,Cargo/Tanker,Tanker,Non-fishing
431003801,Cargo/Tanker,Tanker,Non-fishing
431003903,Cargo/Tanker,Tanker,Non-fishing
431004091,Cargo/Tanker,Tanker,Non-fishing
431036000,Cargo/Tanker,Tanker,Non-fishing
431100005,Cargo/Tanker,Tanker,Non-fishing
431100033,Cargo/Tanker,Tanker,Non-fishing
431100109,Cargo/Tanker,Tanker,Non-fishing
431100146,Cargo/Tanker,Tanker,Non-fishing
431100148,Cargo/Tanker,Tanker,Non-fishing
431100155,Cargo/Tanker,Tanker,Non-fishing
431100205,Cargo/Tanker,Tanker,Non-fishing
431100221,Cargo/Tanker,Tanker,Non-fishing
431100271,Cargo/Tanker,Tanker,Non-fishing
431100283,Cargo/Tanker,Tanker,Non-fishing
431100316,Cargo/Tanker,Tanker,Non-fishing
431100348,Cargo/Tanker,Tanker,Non-fishing
431100372,Cargo/Tanker,Tanker,Non-fishing
431100682,Cargo/Tanker,Tanker,Non-fishing
431100849,Cargo/Tanker,Tanker,Non-fishing
431100878,Cargo/Tanker,Tanker,Non-fishing
431100923,Cargo/Tanker,Tanker,Non-fishing
431100931,Cargo/Tanker,Tanker,Non-fishing
431100938,Cargo/Tanker,Tanker,Non-fishing
431100966,Cargo/Tanker,Tanker,Non-fishing
431101018,Cargo/Tanker,Tanker,Non-fishing
431101028,Cargo/Tanker,Tanker,Non-fishing
431101045,Cargo/Tanker,Tanker,Non-fishing
431101051,Cargo/Tanker,Tanker,Non-fishing
431101145,Cargo/Tanker,Tanker,Non-fishing
431101162,Cargo/Tanker,Tanker,Non-fishing
431101164,Cargo/Tanker,Tanker,Non-fishing
431101171,Cargo/Tanker,Tanker,Non-fishing
431169000,Cargo/Tanker,Tanker,Non-fishing
431200143,Cargo/Tanker,Tanker,Non-fishing
431200166,Cargo/Tanker,Tanker,Non-fishing
431200655,Cargo/Tanker,Tanker,Non-fishing
431300086,Cargo/Tanker,Tanker,Non-fishing
431300218,Cargo/Tanker,Tanker,Non-fishing
431300266,Cargo/Tanker,Tanker,Non-fishing
431300401,Cargo/Tanker,Tanker,Non-fishing
431300411,Cargo/Tanker,Tanker,Non-fishing
431300454,Cargo/Tanker,Tanker,Non-fishing
431300567,Cargo/Tanker,Tanker,Non-fishing
431300697,Cargo/Tanker,Tanker,Non-fishing
431300724,Cargo/Tanker,Tanker,Non-fishing
431300762,Cargo/Tanker,Tanker,Non-fishing
431301434,Cargo/Tanker,Tanker,Non-fishing
431301595,Cargo/Tanker,Tanker,Non-fishing
431301604,Cargo/Tanker,Tanker,Non-fishing
431301631,Cargo/Tanker,Tanker,Non-fishing
431301658,Cargo/Tanker,Tanker,Non-fishing
431301706,Cargo/Tanker,Tanker,Non-fishing
431301714,Cargo/Tanker,Tanker,Non-fishing
431301747,Cargo/Tanker,Tanker,Non-fishing
431301775,Cargo/Tanker,Tanker,Non-fishing
431301796,Cargo/Tanker,Tanker,Non-fishing
431336000,Cargo/Tanker,Tanker,Non-fishing
431400035,Cargo/Tanker,Tanker,Non-fishing
431400039,Cargo/Tanker,Tanker,Non-fishing
431400063,Cargo/Tanker,Tanker,Non-fishing
431400074,Cargo/Tanker,Tanker,Non-fishing
431400115,Cargo/Tanker,Tanker,Non-fishing
431400168,Cargo/Tanker,Tanker,Non-fishing
431400179,Cargo/Tanker,Tanker,Non-fishing
431400185,Cargo/Tanker,Tanker,Non-fishing
431400201,Cargo/Tanker,Tanker,Non-fishing
431400211,Cargo/Tanker,Tanker,Non-fishing
431400216,Cargo/Tanker,Tanker,Non-fishing
431400222,Cargo/Tanker,Tanker,Non-fishing
431400233,Cargo/Tanker,Tanker,Non-fishing
431400345,Cargo/Tanker,Tanker,Non-fishing
431400367,Cargo/Tanker,Tanker,Non-fishing
431400378,Cargo/Tanker,Tanker,Non-fishing
431400418,Cargo/Tanker,Tanker,Non-fishing
431400468,Cargo/Tanker,Tanker,Non-fishing
431400496,Cargo/Tanker,Tanker,Non-fishing
431400515,Cargo/Tanker,Tanker,Non-fishing
431400523,Cargo/Tanker,Tanker,Non-fishing
431400563,Cargo/Tanker,Tanker,Non-fishing
431400649,Cargo/Tanker,Tanker,Non-fishing
431400988,Cargo/Tanker,Tanker,Non-fishing
431401017,Cargo/Tanker,Tanker,Non-fishing
431401436,Cargo/Tanker,Tanker,Non-fishing
431401462,Cargo/Tanker,Tanker,Non-fishing
431401545,Cargo/Tanker,Tanker,Non-fishing
431401796,Cargo/Tanker,Tanker,Non-fishing
431401849,Cargo/Tanker,Tanker,Non-fishing
431401856,Cargo/Tanker,Tanker,Non-fishing
431401899,Cargo/Tanker,Tanker,Non-fishing
431401925,Cargo/Tanker,Tanker,Non-fishing
431401962,Cargo/Tanker,Tanker,Non-fishing
431401974,Cargo/Tanker,Tanker,Non-fishing
431401985,Cargo/Tanker,Tanker,Non-fishing
431401993,Cargo/Tanker,Tanker,Non-fishing
431401999,Cargo/Tanker,Tanker,Non-fishing
431402034,Cargo/Tanker,Tanker,Non-fishing
431402042,Cargo/Tanker,Tanker,Non-fishing
431402051,Cargo/Tanker,Tanker,Non-fishing
431402067,Cargo/Tanker,Tanker,Non-fishing
431500018,Cargo/Tanker,Tanker,Non-fishing
431500021,Cargo/Tanker,Tanker,Non-fishing
431500058,Cargo/Tanker,Tanker,Non-fishing
431500074,Cargo/Tanker,Tanker,Non-fishing
431500104,Cargo/Tanker,Tanker,Non-fishing
431500123,Cargo/Tanker,Tanker,Non-fishing
431500144,Cargo/Tanker,Tanker,Non-fishing
431500199,Cargo/Tanker,Tanker,Non-fishing
431500239,Cargo/Tanker,Tanker,Non-fishing
431500272,Cargo/Tanker,Tanker,Non-fishing
431500282,Cargo/Tanker,Tanker,Non-fishing
431500285,Cargo/Tanker,Tanker,Non-fishing
431500344,Cargo/Tanker,Tanker,Non-fishing
431500366,Cargo/Tanker,Tanker,Non-fishing
431500395,Cargo/Tanker,Tanker,Non-fishing
431500398,Cargo/Tanker,Tanker,Non-fishing
431500465,Cargo/Tanker,Tanker,Non-fishing
431500526,Cargo/Tanker,Tanker,Non-fishing
431500541,Cargo/Tanker,Tanker,Non-fishing
431501275,Cargo/Tanker,Tanker,Non-fishing
431501616,Cargo/Tanker,Tanker,Non-fishing
431501622,Cargo/Tanker,Tanker,Non-fishing
431501643,Cargo/Tanker,Tanker,Non-fishing
431501653,Cargo/Tanker,Tanker,Non-fishing
431501663,Cargo/Tanker,Tanker,Non-fishing
431501664,Cargo/Tanker,Tanker,Non-fishing
431501685,Cargo/Tanker,Tanker,Non-fishing
431501709,Cargo/Tanker,Tanker,Non-fishing
431501712,Cargo/Tanker,Tanker,Non-fishing
431501735,Cargo/Tanker,Tanker,Non-fishing
431501737,Cargo/Tanker,Tanker,Non-fishing
431501739,Cargo/Tanker,Tanker,Non-fishing
431501741,Cargo/Tanker,Tanker,Non-fishing
431501743,Cargo/Tanker,Tanker,Non-fishing
431501745,Cargo/Tanker,Tanker,Non-fishing
431501778,Cargo/Tanker,Tanker,Non-fishing
431501785,Cargo/Tanker,Tanker,Non-fishing
431501792,Cargo/Tanker,Tanker,Non-fishing
431501797,Cargo/Tanker,Tanker,Non-fishing
431501802,Cargo/Tanker,Tanker,Non-fishing
431501815,Cargo/Tanker,Tanker,Non-fishing
431501818,Cargo/Tanker,Tanker,Non-fishing
431501832,Cargo/Tanker,Tanker,Non-fishing
431501835,Cargo/Tanker,Tanker,Non-fishing
431501837,Cargo/Tanker,Tanker,Non-fishing
431501853,Cargo/Tanker,Tanker,Non-fishing
431501865,Cargo/Tanker,Tanker,Non-fishing
431501866,Cargo/Tanker,Tanker,Non-fishing
431574000,Cargo/Tanker,Tanker,Non-fishing
431600204,Cargo/Tanker,Tanker,Non-fishing
431600872,Cargo/Tanker,Tanker,Non-fishing
431601033,Cargo/Tanker,Tanker,Non-fishing
431601615,Cargo/Tanker,Tanker,Non-fishing
431602027,Cargo/Tanker,Tanker,Non-fishing
431602305,Cargo/Tanker,Tanker,Non-fishing
431602307,Cargo/Tanker,Tanker,Non-fishing
431602345,Cargo/Tanker,Tanker,Non-fishing
431680026,Cargo/Tanker,Tanker,Non-fishing
431697000,Cargo/Tanker,Tanker,Non-fishing
431773000,Cargo/Tanker,Tanker,Non-fishing
431800034,Cargo/Tanker,Tanker,Non-fishing
431800035,Cargo/Tanker,Tanker,Non-fishing
431800616,Cargo/Tanker,Tanker,Non-fishing
431800677,Cargo/Tanker,Tanker,Non-fishing
431800699,Cargo/Tanker,Tanker,Non-fishing
432356000,Cargo/Tanker,Tanker,Non-fishing
432528000,Cargo/Tanker,Tanker,Non-fishing
432825000,Cargo/Tanker,Tanker,Non-fishing
441630000,Cargo/Tanker,Tanker,Non-fishing
470717000,Cargo/Tanker,Tanker,Non-fishing
477229100,Cargo/Tanker,Tanker,Non-fishing
477541400,Cargo/Tanker,Tanker,Non-fishing
477938600,Cargo/Tanker,Tanker,Non-fishing
477995223,Cargo/Tanker,Tanker,Non-fishing
503542000,Cargo/Tanker,Tanker,Non-fishing
503609000,Cargo/Tanker,Tanker,Non-fishing
503649000,Cargo/Tanker,Tanker,Non-fishing
512219000,Cargo/Tanker,Tanker,Non-fishing
538002783,Cargo/Tanker,Tanker,Non-fishing
538003202,Cargo/Tanker,Tanker,Non-fishing
538003218,Cargo/Tanker,Tanker,Non-fishing
538003219,Cargo/Tanker,Tanker,Non-fishing
538003359,Cargo/Tanker,Tanker,Non-fishing
538003440,Cargo/Tanker,Tanker,Non-fishing
538003615,Cargo/Tanker,Tanker,Non-fishing
538004029,Cargo/Tanker,Tanker,Non-fishing
538004548,Cargo/Tanker,Tanker,Non-fishing
538005147,Cargo/Tanker,Tanker,Non-fishing
548847000,Cargo/Tanker,Tanker,Non-fishing
563548000,Cargo/Tanker,Tanker,Non-fishing
565384000,Cargo/Tanker,Tanker,Non-fishing
565742000,Cargo/Tanker,Tanker,Non-fishing
566030000,Cargo/Tanker,Tanker,Non-fishing
566217000,Cargo/Tanker,Tanker,Non-fishing
566327000,Cargo/Tanker,Tanker,Non-fishing
576321000,Cargo/Tanker,Tanker,Non-fishing
636011160,Cargo/Tanker,Tanker,Non-fishing
636012386,Cargo/Tanker,Tanker,Non-fishing
636012522,Cargo/Tanker,Tanker,Non-fishing
636012523,Cargo/Tanker,Tanker,Non-fishing
636012596,Cargo/Tanker,Tanker,Non-fishing
636012754,Cargo/Tanker,Tanker,Non-fishing
636013850,Cargo/Tanker,Tanker,Non-fishing
636014431,Cargo/Tanker,Tanker,Non-fishing
636014974,Cargo/Tanker,Tanker,Non-fishing
636015105,Cargo/Tanker,Tanker,Non-fishing
636090888,Cargo/Tanker,Tanker,Non-fishing
636092108,Cargo/Tanker,Tanker,Non-fishing
636092109,Cargo/Tanker,Tanker,Non-fishing
636092110,Cargo/Tanker,Tanker,Non-fishing
636092111,Cargo/Tanker,Tanker,Non-fishing
701006299,Cargo/Tanker,Tanker,Non-fishing
701007053,Cargo/Tanker,Tanker,Non-fishing
710082000,Cargo/Tanker,Tanker,Non-fishing
710999934,Cargo/Tanker,Tanker,Non-fishing
710999996,Cargo/Tanker,Tanker,Non-fishing
719999933,Cargo/Tanker,Tanker,Non-fishing
725012200,Cargo/Tanker,Tanker,Non-fishing
735057614,Cargo/Tanker,Tanker,Non-fishing
760000140,Cargo/Tanker,Tanker,Non-fishing
770576044,Cargo/Tanker,Tanker,Non-fishing
770576078,Cargo/Tanker,Tanker,Non-fishing
770576279,Cargo/Tanker,Tanker,Non-fishing
797468163,Cargo/Tanker,Tanker,Non-fishing
